,year,date,event,url,name
0,1949,１０月１日,１０月１日　中华人民共和国中央人民政府成立。此前，中国人民政治协商会议第一届全体会议于９月２１日至３０日召开。会议代行全国人民代表大会职权，通过了起临时宪法作用的《中国人民政治协商会议共同纲领》，通过了《中国人民政治协商会议组织法》、《中华人民共和国中央人民政府组织法》。会议决定国都定于北平，北平改名为北京；纪年采用公元；在中华人民共和国国歌未正式制定前，以义勇军进行曲为国歌；国旗为红地五星旗。会议选举出中央人民政府委员会，毛泽东当选为中央人民政府主席，朱德、刘少奇、宋庆龄、李济深、张澜、高岗当选为副主席，陈毅等５６人当选为委员。１０月１日下午２时，中央人民政府委员会举行第一次会议，一致决议：接受《共同纲领》为政府施政方针，选举林伯渠为中央人民政府委员会秘书长，任命周恩来为中央人民政府政务院总理兼外交部长，毛泽东为人民革命军事委员会主席，朱德为人民解放军总司令，沈钧儒为最高人民法院院长，罗荣桓为最高人民检察署检察长。下午３时，首都３０万军民齐集天安门广场，举行隆重的开国大典。毛泽东宣读中央人民政府公告，宣告中央人民政府成立。１２月２日，中央人民政府委员会第四次会议决定１９４９年１０月１日为中华人民共和国宣告成立的日子，每年的１０月１日为中华人民共和国国庆日。,http://www.gov.cn/test/2009-10/09/content_1434220.htm,content_1434220.htm
1,1949,１０月２日,１０月２日　苏联政府决定同新中国建立外交关系。３日，周恩来复电表示热忱欢迎，并互派大使。自１９４９年１０月至１９５０年１月，新中国先后与保加利亚、罗马尼亚、匈牙利、朝鲜民主主义人民共和国、捷克斯洛伐克、波兰、蒙古、德意志民主共和国、阿尔巴尼亚和越南民主共和国建立外交关系。至１９５１年底，新中国与印度、缅甸、巴基斯坦、印度尼西亚、瑞典、丹麦、瑞士、列支敦士登、芬兰建立外交关系。,http://www.gov.cn/test/2009-10/09/content_1434220.htm,content_1434220.htm
2,1949,１０月９日,１０月９日　中国人民政治协商会议第一届全国委员会第一次会议召开，选举毛泽东为政协第一届全国委员会主席，周恩来、李济深、沈钧儒、郭沫若、陈叔通为副主席。,http://www.gov.cn/test/2009-10/09/content_1434220.htm,content_1434220.htm
3,1949,１０月１３日,１０月１３日　中国新民主主义青年团中央召开常委扩大会议，通过建立中国少年儿童队的决议。１９５３年８月，中国少年儿童队改名为中国少年先锋队。,http://www.gov.cn/test/2009-10/09/content_1434220.htm,content_1434220.htm
4,1949,１０月２１日,１０月２１日　中央人民政府政务院宣告成立。政务院设政治法律委员会、财政经济委员会、文化教育委员会、人民监察委员会和３０个部、会、院、署、行。,http://www.gov.cn/test/2009-10/09/content_1434220.htm,content_1434220.htm
5,1949,１０月２５日,１０月２５日　海关总署宣告成立。中国海关从此完全掌握在中国人民手中。,http://www.gov.cn/test/2009-10/09/content_1434220.htm,content_1434220.htm
6,1949,１１月１日,１１月１日　中国科学院成立，郭沫若任院长。,http://www.gov.cn/test/2009-10/09/content_1434220.htm,content_1434220.htm
7,1949,１１月９日,１１月９日　中共中央决定成立中央及各级党的纪律检查委员会，朱德任中央纪律检查委员会书记。,http://www.gov.cn/test/2009-10/09/content_1434220.htm,content_1434220.htm
8,1949,１１月１１日,１１月１１日　中国人民解放军空军司令部成立，刘亚楼任司令员，萧华任政治委员。,http://www.gov.cn/test/2009-10/09/content_1434220.htm,content_1434220.htm
9,1949,１１月２１日,１１月２１日　北京市第二届各界人民代表会议通过封闭妓院的决议。此后，全国各地也相继采取行动封闭妓院。,http://www.gov.cn/test/2009-10/09/content_1434220.htm,content_1434220.htm
10,1949,１２月２日,１２月２日　中央人民政府委员会举行第四次会议，决定发行人民胜利折实公债；通过省、市、县各界人民代表会议组织通则。会后，地方各级各界人民代表会议先后由各地人民政府召开，代行人民代表大会的职权，成为人民代表大会召开前的一种过渡形式。,http://www.gov.cn/test/2009-10/09/content_1434220.htm,content_1434220.htm
11,1949,同日,同日　中央人民政府任命内蒙古自治区人民政府主席、副主席和委员，成立于１９４７年５月的内蒙古自治政府改称内蒙古自治区人民政府。首府由原驻地乌兰浩特移至张家口，后迁至归绥（今呼和浩特）。,http://www.gov.cn/test/2009-10/09/content_1434220.htm,content_1434220.htm
12,1949,１２月６日,１２月６日　政务院文化教育委员会成立办理留学生回国事务委员会，统一办理留学生及学者回国事宜。从１９４９年８月至１９５５年１１月，共有１５３６名高级知识分子从海外回国参加建设。,http://www.gov.cn/test/2009-10/09/content_1434220.htm,content_1434220.htm
13,1949,１２月１６日,１２月１６日　毛泽东抵达莫斯科对苏联进行为期两个月的访问。１９５０年２月１４日，中苏两国政府全权代表周恩来、维辛斯基签署《中苏友好同盟互助条约》，《中苏关于中国长春铁路、旅顺口及大连的协定》和《中苏关于贷款给中华人民共和国的协定》。,http://www.gov.cn/test/2009-10/09/content_1434220.htm,content_1434220.htm
14,1949,１２月２３日－３１日,１２月２３日－３１日　教育部召开第一次全国教育工作会议，明确了改革旧教育的方针和步骤，确定了发展新教育的方向；提出教育必须为国家建设服务，学校必须为工农开门。,http://www.gov.cn/test/2009-10/09/content_1434220.htm,content_1434220.htm
15,1950,１月６日,１月６日　北京市军事管制委员会颁发布告，宣布收回在京的外国兵营地产，征用兵营及其他建筑。１月和４月，北京市军管会收回、征用美国、法国、荷兰和英国的兵营地产；６月和９月，天津、上海市军管会先后收回、征用法国的兵营地产。帝国主义国家在中国大陆的驻军权被彻底取消。,http://www.gov.cn/test/2009-10/09/content_1434234.htm,content_1434234.htm
16,1950,２月２４日,２月２４日　政务院发布《严禁鸦片烟毒的通令》。,http://www.gov.cn/test/2009-10/09/content_1434234.htm,content_1434234.htm
17,1950,３月３日,３月３日　政务院颁布《关于统一国家财政经济工作的决定》，以遏制通货膨胀，稳定物价，实现国家财政收支平衡。,http://www.gov.cn/test/2009-10/09/content_1434234.htm,content_1434234.htm
18,1950,４月１４日,４月１４日　中国人民解放军海军领导机关成立，萧劲光任司令员。,http://www.gov.cn/test/2009-10/09/content_1434234.htm,content_1434234.htm
19,1950,５月１日,５月１日　《中华人民共和国婚姻法》公布施行。这是新中国的第一部法律。《婚姻法》规定，废除包办强迫、男尊女卑、漠视子女利益的封建主义婚姻制度；实行男女婚姻自由、一夫一妻、男女权利平等、保护妇女和子女合法利益的新婚姻制度。,http://www.gov.cn/test/2009-10/09/content_1434234.htm,content_1434234.htm
20,1950,同日,同日　人民解放军解放海南岛。新中国成立后，人民解放军向华南、西南等地和沿海岛屿的国民党军队残余力量展开最后的围歼。到１９５０年６月，解放了除西藏、台湾和少数几个岛屿以外的广大国土。,http://www.gov.cn/test/2009-10/09/content_1434234.htm,content_1434234.htm
21,1950,６月６日－９日,６月６日－９日　中共七届三中全会召开。毛泽东作《为争取国家财政经济状况的基本好转而斗争》的书面报告和《不要四面出击》的讲话。,http://www.gov.cn/test/2009-10/09/content_1434234.htm,content_1434234.htm
22,1950,６月２５日,６月２５日　朝鲜内战爆发。美国随即进行武装干涉，并派遣海军第七舰队侵入中国台湾海峡。２８日，中国政府发表声明，对美国侵略行径进行严厉谴责和抗议。,http://www.gov.cn/test/2009-10/09/content_1434234.htm,content_1434234.htm
23,1950,６月２９日,６月２９日　《中华人民共和国工会法》公布施行。,http://www.gov.cn/test/2009-10/09/content_1434234.htm,content_1434234.htm
24,1950,６月３０日,６月３０日　《中华人民共和国土地改革法》公布施行。土地改革在新解放区全面展开。到１９５３年春，除部分少数民族地区外，土改在全国大陆基本完成，３亿多无地少地农民（包括新老解放区在内）无偿获得７亿亩土地和其他生产资料，封建土地所有制被彻底摧毁。,http://www.gov.cn/test/2009-10/09/content_1434234.htm,content_1434234.htm
25,1950,７月２８日,７月２８日　４０名基督教代表人物联名发表《中国基督教在新中国建设中努力的途径》的宣言，表示拥护《共同纲领》，割断教会同帝国主义的联系，发起自治、自养、自传运动。中国基督教“三自”爱国运动在全国范围内展开。１１月，中国天主教人士也发表宣言，开展“三自”爱国运动。,http://www.gov.cn/test/2009-10/09/content_1434234.htm,content_1434234.htm
26,1950,８月７日－１９日,８月７日－１９日　第一届全国卫生会议召开，确定“面向工农兵”、“预防为主”、“团结中西医”为新中国卫生工作的三大原则。,http://www.gov.cn/test/2009-10/09/content_1434234.htm,content_1434234.htm
27,1950,９月２２日,９月２２日　公安部队领导机关成立，罗瑞卿任司令员兼政治委员。,http://www.gov.cn/test/2009-10/09/content_1434234.htm,content_1434234.htm
28,1950,９月２０日－２９日,９月２０日－２９日　第一次全国工农教育会议召开，明确提出开展识字教育，逐步减少文盲。１９５２年１１月１５日，中央人民政府扫除文盲工作委员会成立。扫除文盲运动在全国大规模展开。,http://www.gov.cn/test/2009-10/09/content_1434234.htm,content_1434234.htm
29,1950,９月２５日－１０月２日,９月２５日－１０月２日　全国战斗英雄代表会议和全国工农兵劳动模范代表会议召开。毛泽东代表中共中央致祝词。,http://www.gov.cn/test/2009-10/09/content_1434234.htm,content_1434234.htm
30,1950,１０月上旬,１０月上旬　中共中央作出抗美援朝、保家卫国的战略决策。１０月８日，毛泽东发布命令，将东北边防军组成中国人民志愿军，任命彭德怀为司令员兼政治委员。１０月１９日，中国人民志愿军入朝作战。全国掀起大规模的抗美援朝运动。１９５３年７月２７日，《关于朝鲜军事停战的协定》在朝鲜板门店签订。至１９５８年１０月，中国人民志愿军分三批全部撤出朝鲜回国。,http://www.gov.cn/test/2009-10/09/content_1434234.htm,content_1434234.htm
31,1950,１０月１０日,１０月１０日　中共中央发出《关于镇压反革命活动的指示》。各地开始进行大规模的镇压反革命运动，到１９５２年１０月基本结束。,http://www.gov.cn/test/2009-10/09/content_1434234.htm,content_1434234.htm
32,1950,１０月１４日,１０月１４日　政务院发布《关于治理淮河的决定》。１９５１年毛泽东亲笔题词：“一定要把淮河修好”。７月２０日，治理淮河一期工程完工。到１９５７年冬，治淮工程初见成效。,http://www.gov.cn/test/2009-10/09/content_1434234.htm,content_1434234.htm
33,1950,１１月２４日,１１月２４日　政务院第六十次政务会议批准《培养少数民族干部试行方案》和《筹办中央民族学院试行方案》。１９５１年６月１１日，中央民族学院举行开学典礼。,http://www.gov.cn/test/2009-10/09/content_1434234.htm,content_1434234.htm
34,1950,１２月１９日,１２月１９日　北京市人民政府发出布告，严厉取缔“一贯道”及所有会道门，由此带动全国展开了取缔反动会道门的斗争。,http://www.gov.cn/test/2009-10/09/content_1434234.htm,content_1434234.htm
35,1951,２月２３日,２月２３日　政务院通过《中华人民共和国劳动保险条例》，自本年３月１日起施行。,http://www.gov.cn/test/2009-10/09/content_1434235.htm,content_1434235.htm
36,1951,５月２３日,５月２３日　中央人民政府全权代表和西藏地方政府全权代表在北京签订《关于和平解放西藏办法的协议》（简称“十七条协议”），宣告西藏和平解放。１０月２６日，人民解放军进藏部队进驻拉萨。,http://www.gov.cn/test/2009-10/09/content_1434235.htm,content_1434235.htm
37,1951,９月２０日－３０日,９月２０日－３０日　中共中央召开全国第一次互助合作会议，通过《关于农业生产互助合作的决议（草案）》。会后，农业生产互助合作运动很快开展起来。经过一年多的试点，中共中央于１９５３年２月１５日将决议草案通过为正式决议。,http://www.gov.cn/test/2009-10/09/content_1434235.htm,content_1434235.htm
38,1951,１０月１２日,１０月１２日　《毛泽东选集》第一卷出版。第二、三、四卷分别于１９５２年４月、１９５３年４月、１９６０年９月出版。,http://www.gov.cn/test/2009-10/09/content_1434235.htm,content_1434235.htm
39,1951,１２月１日,１２月１日　中共中央作出《关于实行精兵简政、增产节约、反对贪污、反对浪费和反对官僚主义的决定》。“三反”运动在全国展开，于１９５２年１０月结束。,http://www.gov.cn/test/2009-10/09/content_1434235.htm,content_1434235.htm
40,1951,１２月２６日,１２月２６日　政务院文化教育委员会召开第三十一次委务会议，决定成立中国文字改革研究委员会。,http://www.gov.cn/test/2009-10/09/content_1434235.htm,content_1434235.htm
41,1952,１月２６日,１月２６日　中共中央发出《关于首先在大中城市开展“五反”斗争的指示》，要求在全国大中城市，向违法的资本家开展反对行贿、反对偷税漏税、反对盗骗国家财产、反对偷工减料和反对盗窃经济情报的斗争。“五反”运动于１９５２年１０月结束。,http://www.gov.cn/test/2009-10/09/content_1434236.htm,content_1434236.htm
42,1952,６月中旬－９月下旬,６月中旬－９月下旬　全国高等学校进行院系调整。,http://www.gov.cn/test/2009-10/09/content_1434236.htm,content_1434236.htm
43,1952,６月２０日,６月２０日　荆江分洪工程完工，分洪区蓄水量达６０亿立方米。,http://www.gov.cn/test/2009-10/09/content_1434236.htm,content_1434236.htm
44,1952,６月２０日－２４日,６月２０日－２４日　中华全国体育总会成立大会召开。毛泽东为该会成立题词：发展体育运动，增强人民体质。,http://www.gov.cn/test/2009-10/09/content_1434236.htm,content_1434236.htm
45,1952,７月１日,７月１日　成渝铁路（成都至重庆）建成通车，全长５０５公里。这是新中国成立后建成的第一条铁路干线。,http://www.gov.cn/test/2009-10/09/content_1434236.htm,content_1434236.htm
46,1952,８月９日,８月９日　《中华人民共和国民族区域自治实施纲要》公布施行。《纲要》对民族自治地方的建立、自治机关的组成、自治机关的自治权利等重大问题作出明确规定。,http://www.gov.cn/test/2009-10/09/content_1434236.htm,content_1434236.htm
47,1952,１１月１５日,１１月１５日　中央人民政府委员会第十九次会议通过《关于增设中央人民政府机构的决议》，决定成立中央人民政府国家计划委员会等机构。,http://www.gov.cn/test/2009-10/09/content_1434236.htm,content_1434236.htm
48,1953,１月１日,１月１日　我国开始执行发展国民经济的第一个五年计划。,http://www.gov.cn/test/2009-10/09/content_1434238.htm,content_1434238.htm
49,1953,３月１日,３月１日　《中华人民共和国全国人民代表大会及地方各级人民代表大会选举法》公布施行。随后，开展第一次全国人口普查工作，在全国范围内进行普选。,http://www.gov.cn/test/2009-10/09/content_1434238.htm,content_1434238.htm
50,1953,５月１５日,５月１５日　中苏两国政府签订《关于苏维埃社会主义共和国联盟政府援助中华人民共和国中央人民政府发展中国国民经济的协定》，规定苏联援助中国新建和改建９１个工业项目。加上１９５０年已确定的５０项和１９５４年增加的１５项，共１５６项，列入“一五”计划。１９５５年又商定增加１６项，之后再增２项，共１７４项。后多次调整，确定１５４项。因１５６项公布在先，故仍称“１５６项工程”。实际施工１５０项。,http://www.gov.cn/test/2009-10/09/content_1434238.htm,content_1434238.htm
51,1953,６月１５日、１９日,６月１５日、１９日　中共中央政治局召开会议，确定对资本主义工商业实行利用、限制和改造的方针。,http://www.gov.cn/test/2009-10/09/content_1434238.htm,content_1434238.htm
52,1953,７月１日,７月１日　新中国第一座大型露天煤矿——阜新海州露天煤矿建成投产。,http://www.gov.cn/test/2009-10/09/content_1434238.htm,content_1434238.htm
53,1953,１０月１６日,１０月１６日　中共中央通过《关于实行粮食的计划收购与计划供应的决议》。１１月１５日又作出《关于在全国实行计划收购油料的决定》。１９５４年９月，国家进一步决定对棉布和棉花实行计划收购和计划供应。,http://www.gov.cn/test/2009-10/09/content_1434238.htm,content_1434238.htm
54,1953,１０月,１０月　新中国第一部彩色影片《梁山伯与祝英台》由上海电影制片厂拍摄完成。,http://www.gov.cn/test/2009-10/09/content_1434238.htm,content_1434238.htm
55,1953,１２月７日－翌年１月２６日,１２月７日－翌年１月２６日　全国军事系统党的高级干部会议根据毛泽东的指示，明确提出建设优良的现代化的革命军队的军队建设总方针总任务。,http://www.gov.cn/test/2009-10/09/content_1434238.htm,content_1434238.htm
56,1953,１２月１６日,１２月１６日　中共中央通过《关于发展农业生产合作社的决议》。从此，农业生产合作社从试办阶段进入发展阶段。到１９５６年底，加入合作社的农户达到全国农户总数的９６．３％。,http://www.gov.cn/test/2009-10/09/content_1434238.htm,content_1434238.htm
57,1953,１２月２６日,１２月２６日　鞍山钢铁公司三大工程——大型轧钢厂、无缝钢管厂、七号炼铁炉举行开工生产典礼。,http://www.gov.cn/test/2009-10/09/content_1434238.htm,content_1434238.htm
58,1953,１２月２８日,１２月２８日　中共中央批准中央宣传部制发的《为动员一切力量把我国建设成为一个伟大的社会主义国家而斗争——关于党在过渡时期总路线的学习和宣传提纲》。《提纲》指出：从中华人民共和国成立，到社会主义改造基本完成，这是一个过渡时期。党在这个过渡时期的总路线和总任务，是要在一个相当长的时期内，逐步实现国家的社会主义工业化，并逐步实现国家对农业、对手工业和对资本主义工商业的社会主义改造。,http://www.gov.cn/test/2009-10/09/content_1434238.htm,content_1434238.htm
59,1953,年底,年底　从１９４９年５月开始的全国新解放区的剿匪斗争基本结束，在大陆范围内平息了匪患，巩固了新生的人民政权。,http://www.gov.cn/test/2009-10/09/content_1434238.htm,content_1434238.htm
60,1953,本年,本年　新中国第一部现代汉语字典《新华字典》出版。,http://www.gov.cn/test/2009-10/09/content_1434238.htm,content_1434238.htm
61,1954,４月２６日－７月２１日,４月２６日－７月２１日　新中国首次以五大国之一的身份参加讨论和平解决朝鲜问题和恢复印度支那和平问题的日内瓦会议。会议实现了印度支那的停战。,http://www.gov.cn/test/2009-10/09/content_1434242.htm,content_1434242.htm
62,1954,６月２８日、２９日,６月２８日、２９日　周恩来分别与印度总理尼赫鲁和缅甸总理吴努发表《联合声明》，共同倡导和平共处五项原则。,http://www.gov.cn/test/2009-10/09/content_1434242.htm,content_1434242.htm
63,1954,７月,７月　南昌飞机制造厂试制成功初教５教练机。此后，我国相继试制成功歼５型、运５型、直５型、轰５型飞机。,http://www.gov.cn/test/2009-10/09/content_1434242.htm,content_1434242.htm
64,1954,９月１５日－２８日,９月１５日－２８日　第一届全国人民代表大会第一次会议举行。会议通过《中华人民共和国宪法》；通过全国人民代表大会、国务院、人民法院、人民检察院等组织法；选举毛泽东为中华人民共和国主席，朱德为副主席；刘少奇为全国人民代表大会常务委员会委员长，宋庆龄等１３人为副委员长；董必武为最高人民法院院长，张鼎丞为最高人民检察院检察长；决定周恩来为国务院总理；决定设立国防委员会和国防部，任命毛泽东兼任国防委员会主席，彭德怀任国防部部长。按照《宪法》规定，全国人民代表大会是中华人民共和国的最高权力机关；国务院即中央人民政府，是最高国家权力机关的执行机关，是最高国家行政机关。,http://www.gov.cn/test/2009-10/09/content_1434242.htm,content_1434242.htm
65,1954,９月２８日,９月２８日　中共中央政治局作出《关于成立党的军事委员会的决议》。毛泽东任中共中央军事委员会主席，彭德怀主持军委日常工作。,http://www.gov.cn/test/2009-10/09/content_1434242.htm,content_1434242.htm
66,1954,１１月９日,１１月９日　国防部颁布《中国人民解放军薪金、津贴暂行办法》，自１９５５年１月起开始实行。长期实行的供给制为军官薪金制所代替。,http://www.gov.cn/test/2009-10/09/content_1434242.htm,content_1434242.htm
67,1954,１２月２１日－２５日,１２月２１日－２５日　全国政协二届一次会议举行。周恩来作政治报告，指出：由于一届全国人大一次会议已经召开，政协代行全国人大职权的政权机关的作用已经消失，但它本身的统一战线作用仍然存在。会议推举毛泽东为全国政协名誉主席，选举周恩来为主席，宋庆龄、董必武等１６人为副主席；通过《中国人民政治协商会议章程》。,http://www.gov.cn/test/2009-10/09/content_1434242.htm,content_1434242.htm
68,1954,１２月２５日,１２月２５日　康藏公路（四川、西康两省交界的金鸡关至拉萨）与青藏公路（西宁至拉萨）同时全线通车，分别长２２７１公里和１９３７公里。,http://www.gov.cn/test/2009-10/09/content_1434242.htm,content_1434242.htm
69,1955,１月１８日,１月１８日　人民解放军解放一江山岛。２月１３日至２６日，大陈岛及外围列岛解放。至此，浙江沿海岛屿全部解放。,http://www.gov.cn/test/2009-10/09/content_1434243.htm,content_1434243.htm
70,1955,２月２１日,２月２１日　国务院发布《关于发行新的人民币和收回现行的人民币的命令》。自３月１日起，中国人民银行发行新人民币，以新币１元等于旧币１万元的折合比率收回旧人民币。,http://www.gov.cn/test/2009-10/09/content_1434243.htm,content_1434243.htm
71,1955,３月３１日,３月３１日　中国共产党全国代表会议通过决议，决定成立党的中央和地方监察委员会，董必武任中央监察委员会书记。原有的中央及地方各级党的纪律检查委员会撤销。,http://www.gov.cn/test/2009-10/09/content_1434243.htm,content_1434243.htm
72,1955,４月１８日－２４日,４月１８日－２４日　周恩来率中国代表团出席在印度尼西亚万隆举行的有２９个国家参加的亚非会议。这是第一次由亚非国家发起和参加的大型国际会议。中国代表团本着“求同存异”的方针，同其他与会国家一起，为会议的成功作出了贡献。通过这次会议，中国打开了与亚非国家普遍交往的大门。,http://www.gov.cn/test/2009-10/09/content_1434243.htm,content_1434243.htm
73,1955,５月１３日,５月１３日　周恩来在一届全国人大常委会第十五次扩大会议上作《关于亚非会议的报告》，提出争取用和平的方式解放台湾的思想。,http://www.gov.cn/test/2009-10/09/content_1434243.htm,content_1434243.htm
74,1955,７月３０日,７月３０日　《中华人民共和国兵役法》公布。从１９５６年开始，中国人民解放军由志愿兵役制改为义务兵役制。,http://www.gov.cn/test/2009-10/09/content_1434243.htm,content_1434243.htm
75,1955,８月３１日,８月３１日　国务院发布《关于国家机关工作人员全部实行工资制和改行货币工资制的命令》，对国家机关工作人员生活待遇制度进行重大改革。,http://www.gov.cn/test/2009-10/09/content_1434243.htm,content_1434243.htm
76,1955,同日,同日　国务院发布《中国科学院科学奖金暂行条例》。这是新中国对自然科学和社会科学理论研究工作给予奖励的第一个条例。１９５７年５月，中国科学院举行１９５６年度科学奖金（自然科学部分）授奖仪式。华罗庚的典型域上的多元复变数函数论、吴文俊的示性类及示嵌类的研究、钱学森的工程控制论获一等奖。,http://www.gov.cn/test/2009-10/09/content_1434243.htm,content_1434243.htm
77,1955,９月,９月　中国人民解放军开始实行军衔制度。２７日，授予元帅军衔及勋章典礼隆重举行。朱德、彭德怀、林彪、刘伯承、贺龙、陈毅、罗荣桓、徐向前、聂荣臻、叶剑英被授予中华人民共和国元帅军衔。同日，国务院举行授予将官军衔和勋章典礼。首次授衔，共授元帅１０名、大将１０名、上将５５名、中将１７５名、少将８００名。加上补授和晋升，到１９６５年取消军衔制度止，共授上将５７名、中将１７７名、少将１３６０名。,http://www.gov.cn/test/2009-10/09/content_1434243.htm,content_1434243.htm
78,1955,１０月１日,１０月１日　新疆维吾尔自治区宣告成立，首府设于乌鲁木齐市。,http://www.gov.cn/test/2009-10/09/content_1434243.htm,content_1434243.htm
79,1956,１月１４日－２０日,１月１４日－２０日　中共中央召开关于知识分子问题的会议。周恩来代表中共中央作《关于知识分子问题的报告》，充分肯定知识分子在社会主义建设中的作用，宣布知识分子的绝大部分已经是工人阶级的一部分。,http://www.gov.cn/test/2009-10/09/content_1434249.htm,content_1434249.htm
80,1956,１月１５日,１月１５日　北京各界２０多万人在天安门广场举行大会，庆祝北京市农业、手工业全部实现合作化和在全国第一个实现资本主义工商业的全行业公私合营。,http://www.gov.cn/test/2009-10/09/content_1434249.htm,content_1434249.htm
81,1956,１月２３日,１月２３日　中共中央政治局讨论通过《１９５６年到１９６７年全国农业发展纲要（草案）》。,http://www.gov.cn/test/2009-10/09/content_1434249.htm,content_1434249.htm
82,1956,１月２８日,１月２８日　国务院全体会议第二十三次会议通过《国务院关于公布汉字简化方案的决议》、《国务院关于推广普通话的指示》，批准成立中央推广普通话工作委员会。２月９日，中国文字改革委员会发表《汉语拼音方案（草案）》。,http://www.gov.cn/test/2009-10/09/content_1434249.htm,content_1434249.htm
83,1956,３月１４日,３月１４日　国务院成立科学规划委员会。１２月２２日，中共中央同意国务院科学规划委员会党组《关于征求〈一九五六——一九六七年科学技术发展远景规划纲要（修正草案）〉意见的报告》。,http://www.gov.cn/test/2009-10/09/content_1434249.htm,content_1434249.htm
84,1956,４月２５日,４月２５日　毛泽东在中共中央政治局扩大会议上作《论十大关系》的报告，强调调动国内外一切积极因素，为建设强大的社会主义国家而奋斗。报告初步总结我国社会主义建设经验，提出了探索适合中国国情的社会主义建设道路的任务。,http://www.gov.cn/test/2009-10/09/content_1434249.htm,content_1434249.htm
85,1956,４月,４月　中共中央将“百花齐放、百家争鸣”方针确定为繁荣和发展社会主义科学文化事业的指导方针。,http://www.gov.cn/test/2009-10/09/content_1434249.htm,content_1434249.htm
86,1956,７月１３日,７月１３日　长春第一汽车制造厂试制成功第一批国产“解放”牌载重汽车。１９５８年５月、８月，第一辆国产“东风”牌轿车和“红旗”牌轿车相继诞生。,http://www.gov.cn/test/2009-10/09/content_1434249.htm,content_1434249.htm
87,1956,９月１５日－２７日,９月１５日－２７日　中国共产党第八次全国代表大会举行。大会宣布，对农业、手工业和资本主义工商业的社会主义改造已取得决定性胜利，社会主义的社会制度在我国已经基本上建立起来了；国内主要矛盾是人民对于经济文化迅速发展的需要同当前经济文化不能满足人民需要的状况之间的矛盾；党和全国人民的当前的主要任务，就是要集中力量来解决这个矛盾，把我国尽快地从落后的农业国变为先进的工业国。大会着重提出了加强执政党建设的问题，通过了《中国共产党章程》。９月２８日，中共八届一中全会选举毛泽东为中央委员会主席，刘少奇、周恩来、朱德、陈云为副主席，邓小平为总书记。上述６人为中央政治局常务委员会委员。,http://www.gov.cn/test/2009-10/09/content_1434249.htm,content_1434249.htm
88,1956,１０月１５日,１０月１５日　我国第一座现代化的电子管厂北京电子管厂举行开工生产典礼。,http://www.gov.cn/test/2009-10/09/content_1434249.htm,content_1434249.htm
89,1956,１２月,１２月　《马克思恩格斯全集》中译本开始分卷出版。全集共５０卷，于１９８５年出齐。,http://www.gov.cn/test/2009-10/09/content_1434249.htm,content_1434249.htm
90,1957,２月２７日,２月２７日　毛泽东在最高国务会议第十一次（扩大）会议上发表《关于正确处理人民内部矛盾的问题》的讲话，提出了区分和正确处理两类不同性质的社会矛盾，团结全国各族人民发展经济、文化，为建设社会主义事业服务的思想。,http://www.gov.cn/test/2009-10/09/content_1434252.htm,content_1434252.htm
91,1957,３月１日,３月１日　中国农业科学院成立。,http://www.gov.cn/test/2009-10/09/content_1434252.htm,content_1434252.htm
92,1957,４月８日,４月８日　武汉钢铁联合企业建厂工程正式动工。１９５８年９月１３日，一号高炉出铁。,http://www.gov.cn/test/2009-10/09/content_1434252.htm,content_1434252.htm
93,1957,４月１２日,４月１２日　鹰厦铁路（鹰潭至厦门）建成通车，全长６９４公里。,http://www.gov.cn/test/2009-10/09/content_1434252.htm,content_1434252.htm
94,1957,４月２０日,４月２０日　国务院发出《关于消灭血吸虫病的指示》。随后，流行地区迅速开展消灭血吸虫病的工作。１９５８年６月，江西省余江县首先消灭血吸虫病。,http://www.gov.cn/test/2009-10/09/content_1434252.htm,content_1434252.htm
95,1957,４月２５日,４月２５日　第一届中国出口商品交易会在广州举行（简称“广交会”）。以后每年在广州举办春、秋季两次出口商品交易会。从２００７年起改称中国进出口商品交易会。,http://www.gov.cn/test/2009-10/09/content_1434252.htm,content_1434252.htm
96,1957,４月２７日,４月２７日　中共中央发出《关于整风运动的指示》，整风运动随后展开。在整风过程中，极少数右派分子向党和新生的社会主义制度发动进攻。６月，整风运动转向反右派斗争，到１９５８年夏季基本结束。对右派分子的进攻进行反击是正确和必要的，但反右派斗争被严重地扩大化，把一批知识分子、爱国人士和党内干部错划为右派分子，造成了不幸的后果。,http://www.gov.cn/test/2009-10/09/content_1434252.htm,content_1434252.htm
97,1957,５月１５日－２５日,５月１５日－２５日　中国新民主主义青年团第三次全国代表大会举行，决定将中国新民主主义青年团改名为中国共产主义青年团，选举胡耀邦为团中央第一书记。,http://www.gov.cn/test/2009-10/09/content_1434252.htm,content_1434252.htm
98,1957,５月２４日,５月２４日　国务院全体会议第四十九次会议通过《水土保持暂行纲要》，决定设立全国水土保持委员会。,http://www.gov.cn/test/2009-10/09/content_1434252.htm,content_1434252.htm
99,1957,７月２５日,７月２５日　包头钢铁公司建厂工程正式动工。１９５９年９月２７日，一号高炉出铁。１９６０年５月１日，一号平炉出钢。,http://www.gov.cn/test/2009-10/09/content_1434252.htm,content_1434252.htm
100,1957,９月９日－２１日,９月９日－２１日　中国妇女第三次全国代表大会举行。会议将“勤俭建国、勤俭持家，为建设社会主义而奋斗”确定为妇女工作的方针；将全国妇女领导机构“中华全国民主妇女联合会”改名为“中华人民共和国妇女联合会”。９月２１日，全国妇联第三届执行委员会第一次会议选举宋庆龄、何香凝为全国妇联名誉主席，蔡畅为全国妇联主席。,http://www.gov.cn/test/2009-10/09/content_1434252.htm,content_1434252.htm
101,1957,１０月５日,１０月５日　新藏公路（新疆叶城至西藏阿里地区噶大克）建成通车，全长１１７９公里。,http://www.gov.cn/test/2009-10/09/content_1434252.htm,content_1434252.htm
102,1957,１０月８日,１０月８日　新中国第一个天然石油基地玉门油矿基本建成。,http://www.gov.cn/test/2009-10/09/content_1434252.htm,content_1434252.htm
103,1957,１０月１５日,１０月１５日　武汉长江大桥建成通车，铁路桥长１３１５米，公路桥长１６７０米。,http://www.gov.cn/test/2009-10/09/content_1434252.htm,content_1434252.htm
104,1957,１１月２日－２１日,１１月２日－２１日　毛泽东率中国代表团访问苏联，并出席在莫斯科召开的社会主义国家共产党和工人党代表会议以及六十四国共产党和工人党代表会议。会议通过《社会主义国家共产党和工人党宣言》及《和平宣言》。,http://www.gov.cn/test/2009-10/09/content_1434252.htm,content_1434252.htm
105,1957,１２月底,１２月底　“一五”计划超额完成。１９５７年工农业总产值１２４１亿元，按可比价格计算，比１９５２年增长６７．８％。其中，工业总产值７０４亿元，增长１２８．６％；农业总产值５３７亿元，增长２４．８％。主要工农业产品产量：钢５３５万吨，增长２９６％；煤１．３１亿吨，增长９８．５％；发电量１９３亿千瓦时，增长１６４％；粮食１９５０５万吨，增长１９％；棉花１６４万吨，增长２５．８％；油料４１９．６万吨，增长０．０７％。基本建设投资总额１４３．３２亿元，增长２２９％。财政总收入３１０．２亿元。,http://www.gov.cn/test/2009-10/09/content_1434252.htm,content_1434252.htm
106,1958,１月６日,１月６日　《国家建设征用土地办法》公布施行。,http://www.gov.cn/test/2009-10/09/content_1434254.htm,content_1434254.htm
107,1958,１月９日,１月９日　《中华人民共和国户口登记条例》公布施行。,http://www.gov.cn/test/2009-10/09/content_1434254.htm,content_1434254.htm
108,1958,３月５日,３月５日　广西僮族自治区宣告成立，首府设于南宁市。１９６５年１０月１２日，改称广西壮族自治区。,http://www.gov.cn/test/2009-10/09/content_1434254.htm,content_1434254.htm
109,1958,４月２２日,４月２２日　人民英雄纪念碑在天安门广场建成。５月１日，首都５０万人参加揭幕典礼。,http://www.gov.cn/test/2009-10/09/content_1434254.htm,content_1434254.htm
110,1958,５月５日－２３日,５月５日－２３日　中共八大二次会议举行，正式通过“鼓足干劲、力争上游、多快好省地建设社会主义”的总路线。会后，“大跃进”运动在全国展开。,http://www.gov.cn/test/2009-10/09/content_1434254.htm,content_1434254.htm
111,1958,５月２５日,５月２５日　毛泽东、刘少奇、周恩来、朱德、邓小平与参加八大二次会议的中央委员及有关部门负责人到北京十三陵水库工地参加义务劳动。,http://www.gov.cn/test/2009-10/09/content_1434254.htm,content_1434254.htm
112,1958,８月１日,８月１日　包兰铁路（包头至兰州）建成通车，全长９９０公里。,http://www.gov.cn/test/2009-10/09/content_1434254.htm,content_1434254.htm
113,1958,８月１７日－３０日,８月１７日－３０日　中共中央政治局在北戴河召开扩大会议，确定一批工农业生产的高指标，宣布１９５８年生产钢１０７０万吨，比上年钢产量翻一番；决定在全国农村普遍建立人民公社。全国很快形成全民炼钢和人民公社化运动的高潮，以高指标、瞎指挥、浮夸风和“共产”风为主要标志的“左”倾错误严重地泛滥开来。,http://www.gov.cn/test/2009-10/09/content_1434254.htm,content_1434254.htm
114,1958,９月２日,９月２日　我国第一座电视台——北京电视台正式开播。１９７３年１０月１日正式播出彩色电视节目。１９７８年５月１日改称中央电视台。,http://www.gov.cn/test/2009-10/09/content_1434254.htm,content_1434254.htm
115,1958,９月２９日,９月２９日　毛泽东向新华社记者发表谈话指出：“帝国主义者如此欺负我们，这是需要认真对付的。我们不但要有强大的正规军，我们还要大办民兵师。”此后，全国掀起大办民兵师、加强国防后备力量建设的热潮。,http://www.gov.cn/test/2009-10/09/content_1434254.htm,content_1434254.htm
116,1958,１０月２５日,１０月２５日　宁夏回族自治区宣告成立，首府设于银川市。,http://www.gov.cn/test/2009-10/09/content_1434254.htm,content_1434254.htm
117,1958,１１月２日－１０日,１１月２日－１０日　毛泽东在郑州召集中央工作会议。此后到１９５９年７月，相继召开一系列会议，初步纠正已经察觉到的“大跃进”和人民公社化运动中出现的“左”倾错误。,http://www.gov.cn/test/2009-10/09/content_1434254.htm,content_1434254.htm
118,1959,３月１０日,３月１０日　西藏地方政府和上层反动集团撕毁关于和平解放西藏的“十七条协议”，发动武装叛乱。３月２０日，人民解放军驻藏部队奉命进行平叛作战。２２日，中共中央发出在平息叛乱中实行民主改革的指示。２８日，国务院发布命令，解散西藏地方政府，由西藏自治区筹备委员会行使地方政府职权。１９６０年底，西藏民主改革基本完成，彻底摧毁了政教合一的封建农奴制度，百万农奴获得翻身解放。,http://www.gov.cn/test/2009-10/09/content_1434258.htm,content_1434258.htm
119,1959,４月５日,４月５日　容国团荣获第２５届世界乒乓球锦标赛男子单打冠军。这是中国运动员在体育比赛的世界锦标赛中获得的第一个世界冠军。,http://www.gov.cn/test/2009-10/09/content_1434258.htm,content_1434258.htm
120,1959,４月１７日－２９日,４月１７日－２９日　全国政协三届一次会议举行，推举毛泽东为全国政协名誉主席，选举周恩来为主席，彭真、李济深等１４人为副主席。,http://www.gov.cn/test/2009-10/09/content_1434258.htm,content_1434258.htm
121,1959,４月１８日－２８日,４月１８日－２８日　二届全国人大一次会议举行，选举刘少奇为中华人民共和国主席，宋庆龄、董必武为副主席，朱德为全国人大常委会委员长，决定周恩来为国务院总理。,http://www.gov.cn/test/2009-10/09/content_1434258.htm,content_1434258.htm
122,1959,７月２日－８月１６日,７月２日－８月１６日　中共中央在江西庐山先后召开政治局扩大会议和八届八中全会。原定议题是总结１９５８年“大跃进”以来的经验教训，继续纠正“左”倾错误。但会议后期，毛泽东错误地发动了对彭德怀等人的批判，进而在全党错误地开展了“反右倾”斗争。,http://www.gov.cn/test/2009-10/09/content_1434258.htm,content_1434258.htm
123,1959,８月底,８月底　人民大会堂建成。它与同年建成的民族文化宫、民族饭店、华侨大厦、北京火车站、北京工人体育场、中国革命历史博物馆、中国人民革命军事博物馆、钓鱼台国宾馆和全国农业展览馆并称为首都“十大建筑”。,http://www.gov.cn/test/2009-10/09/content_1434258.htm,content_1434258.htm
124,1959,９月１３日－１０月３日,９月１３日－１０月３日　第一届全国运动会在北京举行。１．０６万多人参加了４２项竞赛和表演赛，７人打破４项世界纪录。,http://www.gov.cn/test/2009-10/09/content_1434258.htm,content_1434258.htm
125,1959,９月１７日,９月１７日　刘少奇发布《中华人民共和国主席特赦令》，首批特赦已改恶从善的蒋介石集团和伪满洲国的战争罪犯。到１９７５年３月，共分７批特赦了全部在押战犯并予以公民权。,http://www.gov.cn/test/2009-10/09/content_1434258.htm,content_1434258.htm
126,1959,１０月１日,１０月１日　北京隆重举行新中国成立１０周年庆祝大典，毛泽东、刘少奇等党和国家领导人出席。天安门广场举行盛大的阅兵式和７０万人的游行。,http://www.gov.cn/test/2009-10/09/content_1434258.htm,content_1434258.htm
127,1959,１１月１日,１１月１日　第一拖拉机制造厂在河南洛阳建成投产。,http://www.gov.cn/test/2009-10/09/content_1434258.htm,content_1434258.htm
128,1960,１月１日,１月１日　黄河刘家峡水利枢纽工程胜利截流。,http://www.gov.cn/test/2009-10/09/content_1434259.htm,content_1434259.htm
129,1960,１月２０日,１月２０日　中国政府和印度尼西亚政府在北京互换《关于双重国籍问题的条约》批准书。此前，１９５５年４月２２日，中国政府在万隆会议上与印度尼西亚政府签订了关于避免双重国籍的条约，但印尼国会迟迟没有批准该条约。在中国政府的努力下，两国直至本年１月２０日才互换条约批准书，２４日双方同时公布生效。,http://www.gov.cn/test/2009-10/09/content_1434259.htm,content_1434259.htm
130,1960,１月２８日,１月２８日　中缅两国总理签订《中华人民共和国和缅甸联邦政府关于两国边界问题的协定》和《中华人民共和国和缅甸联邦之间的友好和互不侵犯条约》。中缅边界条约是新中国与亚洲邻国签订的第一个边界条约，为今后解决类似问题树立了良好范例。,http://www.gov.cn/test/2009-10/09/content_1434259.htm,content_1434259.htm
131,1960,３月２２日,３月２２日　中共中央批转《鞍山市委关于工业战线上的技术革新和技术革命运动开展情况的报告》。毛泽东代中央起草批示，将鞍钢实行的“两参一改三结合”的管理制度称作“鞍钢宪法”，要求在工业战线加以推广。,http://www.gov.cn/test/2009-10/09/content_1434259.htm,content_1434259.htm
132,1960,４月１８日－２７日,４月１８日－２７日　中共中央军委召开全国民兵代表会议，充分肯定新中国成立以来民兵建设的成就，明确提出民兵工作的任务和作用。,http://www.gov.cn/test/2009-10/09/content_1434259.htm,content_1434259.htm
133,1960,４月,４月　新中国自行设计、建造的第一座大型水电站——新安江水电站第一台机组开始发电。,http://www.gov.cn/test/2009-10/09/content_1434259.htm,content_1434259.htm
134,1960,５月２５日,５月２５日　中国登山队队员王富洲、贡布（藏族）、屈银华从北坡集体登上世界最高峰珠穆朗玛峰。人类第一次战胜珠峰北坡天险。,http://www.gov.cn/test/2009-10/09/content_1434259.htm,content_1434259.htm
135,1960,９月,９月　黄河三门峡水利枢纽工程建成蓄水。１９７８年底，三门峡水利枢纽改建工程竣工。,http://www.gov.cn/test/2009-10/09/content_1434259.htm,content_1434259.htm
136,1960,１１月３日,１１月３日　中共中央发出《关于农村人民公社当前政策问题的紧急指示信》，要求坚决纠正农村人民公社中的“共产”风。,http://www.gov.cn/test/2009-10/09/content_1434259.htm,content_1434259.htm
137,1960,１１月１７日,１１月１７日　国务院第一百零五次全体会议通过《文物保护管理暂行条例》，批准《第一批全国重点文物保护单位名单》。随后，国务院于１９６１年３月４日发布《关于进一步加强文物保护和管理工作的指示》。,http://www.gov.cn/test/2009-10/09/content_1434259.htm,content_1434259.htm
138,1961,１月１４日－１８日,１月１４日－１８日　中共八届九中全会召开。全会正式通过对国民经济实行“调整、巩固、充实、提高”的方针，国民经济转入调整的轨道。毛泽东在会上号召全党大兴调查研究之风。会后，中央领导人和地方负责人先后深入基层进行调查研究。,http://www.gov.cn/test/2009-10/09/content_1434260.htm,content_1434260.htm
139,1961,３月６日,３月６日　安徽省委根据农民群众的要求，决定试行“定产到田，责任到人”的田间管理责任制。其他部分省区也实行了类似办法。,http://www.gov.cn/test/2009-10/09/content_1434260.htm,content_1434260.htm
140,1961,３月１５日－２３日,３月１５日－２３日　中共中央在广州召开工作会议，讨论和通过《农村人民公社工作条例（草案）》（即“农业六十条”），对农村政策进行调整。随后，工业、商业、手工业、科学、教育、文艺领域也开展调整，并相继制定了工作条例。,http://www.gov.cn/test/2009-10/09/content_1434260.htm,content_1434260.htm
141,1961,７月１６日,７月１６日　中共中央作出《关于加强原子能工业建设若干问题的决定》，决定自力更生，组织力量，突破原子能技术。,http://www.gov.cn/test/2009-10/09/content_1434260.htm,content_1434260.htm
142,1962,１月１１日－２月７日,１月１１日－２月７日　中共中央召开扩大的工作会议（即七千人大会），总结经验，统一认识，强调加强民主集中制，切实贯彻调整国民经济的方针，以迅速扭转国民经济困难的局面。,http://www.gov.cn/test/2009-10/09/content_1434261.htm,content_1434261.htm
143,1962,３月２日,３月２日　周恩来在广州向出席全国科学工作会议及全国话剧、歌剧和儿童剧创作座谈会的代表作《论知识分子问题》的报告，重新肯定我国知识分子的绝大多数已经是劳动人民的知识分子，而不是属于资产阶级的知识分子，强调在社会主义建设中要发挥科学和科学家的作用。３月２７日，周恩来在二届全国人大三次会议上重申了这一观点。,http://www.gov.cn/test/2009-10/09/content_1434261.htm,content_1434261.htm
144,1962,５月２２日,５月２２日　中国影协举行首届《大众电影》“百花奖”颁奖大会。这是第一次全国群众性的电影评奖活动。,http://www.gov.cn/test/2009-10/09/content_1434261.htm,content_1434261.htm
145,1962,６月,６月　１．２万吨自由锻造水压机在上海研制成功。,http://www.gov.cn/test/2009-10/09/content_1434261.htm,content_1434261.htm
146,1962,９月２４日－２７日,９月２４日－２７日　中共八届十中全会召开。会议把社会主义社会一定范围内存在的阶级斗争进一步扩大化和绝对化，强调阶级斗争必须年年讲、月月讲、天天讲。,http://www.gov.cn/test/2009-10/09/content_1434261.htm,content_1434261.htm
147,1963,１月２日,１月２日　上海市第六人民医院为一位右手完全断离的病人成功实施世界首例断肢再植手术。,http://www.gov.cn/test/2009-10/09/content_1434262.htm,content_1434262.htm
148,1963,１月,１月　周恩来根据中央精神，提出“一纲四目”的对台政策。,http://www.gov.cn/test/2009-10/09/content_1434262.htm,content_1434262.htm
149,1963,３月５日,３月５日　《人民日报》发表毛泽东“向雷锋同志学习”的题词。全国掀起学习雷锋先进事迹的热潮。,http://www.gov.cn/test/2009-10/09/content_1434262.htm,content_1434262.htm
150,1963,４月６日,４月６日　中国援助阿尔及利亚医疗队离京出发。这是中国政府向非洲国家派遣的第一支医疗队。,http://www.gov.cn/test/2009-10/09/content_1434262.htm,content_1434262.htm
151,1963,５月２日－１２日,５月２日－１２日　毛泽东在杭州召集会议，制定《中共中央关于目前农村工作中若干问题的决定（草案）》。此后到１９６６年春，社会主义教育运动在部分农村和城市展开。,http://www.gov.cn/test/2009-10/09/content_1434262.htm,content_1434262.htm
152,1963,５月２０日,５月２０日　国务院第一百三十一次全体会议通过《森林保护条例》。,http://www.gov.cn/test/2009-10/09/content_1434262.htm,content_1434262.htm
153,1963,１２月２日,１２月２日　中共中央、国务院原则批准中央科学小组、国家科学技术委员会党组关于一九六三年——一九七二年科学技术发展规划的报告、科学技术发展规划纲要及科学技术事业规划。,http://www.gov.cn/test/2009-10/09/content_1434262.htm,content_1434262.htm
154,1963,１２月１４日－翌年２月２９日,１２月１４日－翌年２月２９日　周恩来访问亚非欧１４国，提出中国处理同阿拉伯和非洲关系的五项原则及对外经济技术援助八项原则。,http://www.gov.cn/test/2009-10/09/content_1434262.htm,content_1434262.htm
155,1964,１月２７日,１月２７日　中法两国政府发表建立外交关系的联合公报。,http://www.gov.cn/test/2009-10/09/content_1434264.htm,content_1434264.htm
156,1964,２月５日,２月５日　中共中央发出《关于传达石油工业部〈关于大庆石油会战情况的报告〉的通知》。“工业学大庆”运动在全国展开。自１９６０年５月起，我国集中各方面力量，经过三年多的艰苦奋斗，开发了大庆油田。到１９６３年，我国石油产品已经达到基本自给。,http://www.gov.cn/test/2009-10/09/content_1434264.htm,content_1434264.htm
157,1964,２月１０日,２月１０日　《人民日报》发表社论和通讯，介绍山西省昔阳县大寨大队艰苦奋斗、发展生产的事迹。此后，“农业学大寨”运动在全国展开。,http://www.gov.cn/test/2009-10/09/content_1434264.htm,content_1434264.htm
158,1964,８月１７日,８月１７日　中共中央、国务院批转国家经济委员会党组《关于试办工业、交通托拉斯的意见的报告》，批准在全国试办１２个托拉斯。,http://www.gov.cn/test/2009-10/09/content_1434264.htm,content_1434264.htm
159,1964,１０月２日,１０月２日　为庆祝中华人民共和国成立１５周年，大型音乐舞蹈史诗《东方红》在人民大会堂正式演出。,http://www.gov.cn/test/2009-10/09/content_1434264.htm,content_1434264.htm
160,1964,１０月１６日,１０月１６日　我国第一颗原子弹爆炸成功。中国政府发表声明：在任何时候、任何情况下，都不会首先使用核武器。中国掌握核武器，完全是为了防御。,http://www.gov.cn/test/2009-10/09/content_1434264.htm,content_1434264.htm
161,1964,１２月２０日－翌年１月５日,１２月２０日－翌年１月５日　全国政协四届一次会议举行，推举毛泽东为全国政协名誉主席，选举周恩来为主席，彭真等２２人为副主席。,http://www.gov.cn/test/2009-10/09/content_1434264.htm,content_1434264.htm
162,1964,１２月２１日－翌年１月４日,１２月２１日－翌年１月４日　三届全国人大一次会议举行。周恩来在《政府工作报告》中提出，要在不长的历史时期内，把我国建设成为一个具有现代农业、现代工业、现代国防和现代科学技术的社会主义强国。大会选举朱德为全国人大常委会委员长，刘少奇为中华人民共和国主席，宋庆龄、董必武为副主席，决定周恩来为国务院总理。,http://www.gov.cn/test/2009-10/09/content_1434264.htm,content_1434264.htm
163,1965,２月２６日,２月２６日　中共中央、国务院作出《关于西南三线建设体制问题的决定》，成立西南三线建设委员会，以加强对三线建设的领导。,http://www.gov.cn/test/2009-10/09/content_1434268.htm,content_1434268.htm
164,1965,７月２０日,７月２０日　前国民党政府代总统李宗仁和夫人从海外归来，抵达北京。周恩来到机场迎接。２７日、３１日，毛泽东、刘少奇先后接见李宗仁夫妇。,http://www.gov.cn/test/2009-10/09/content_1434268.htm,content_1434268.htm
165,1965,９月９日,９月９日　西藏自治区宣告成立，首府设于拉萨市。,http://www.gov.cn/test/2009-10/09/content_1434268.htm,content_1434268.htm
166,1965,９月１７日,９月１７日　我国在世界上首次人工合成牛胰岛素。,http://www.gov.cn/test/2009-10/09/content_1434268.htm,content_1434268.htm
167,1965,年底,年底　国民经济调整全面完成。１９６５年全国工农业总产值２２３５亿元。其中，工业总产值１４０２亿元，农业总产值８３３亿元。主要工农业产品产量：钢１２２３万吨，煤２．３２亿吨，发电量６７６亿千瓦时，粮食１９４５３万吨，棉花２０９．８万吨，油料３６２．５万吨。基本建设投资总额１７９．６１亿元。社会商品零售总额６７０．３亿元。进出口总额１１８．４亿元。国家财政总收入４７３．３亿元。,http://www.gov.cn/test/2009-10/09/content_1434268.htm,content_1434268.htm
168,1966,１月１日,１月１日　兰新铁路（兰州至乌鲁木齐）全线交付正式运营，全长１９０３公里。,http://www.gov.cn/test/2009-10/09/content_1434269.htm,content_1434269.htm
169,1966,２月７日,２月７日　新华社播发长篇通讯《县委书记的榜样——焦裕禄》。随后，全国掀起学习焦裕禄的热潮。,http://www.gov.cn/test/2009-10/09/content_1434269.htm,content_1434269.htm
170,1966,３月８日、２２日,３月８日、２２日　河北邢台地区相继发生里氏６．８级和７．２级强烈地震。据不完全统计，受灾面积达１０余万平方公里，死亡８０６４人。在中共中央、国务院和中央军委领导下，在全国人民和解放军的大力支援下，灾区人民积极开展抗震救灾工作。,http://www.gov.cn/test/2009-10/09/content_1434269.htm,content_1434269.htm
171,1966,４月２０日,４月２０日　河南林县红旗渠竣工通水典礼举行，总干渠和干渠全长１７１．５公里。,http://www.gov.cn/test/2009-10/09/content_1434269.htm,content_1434269.htm
172,1966,５月４日－２６日,５月４日－２６日　中共中央政治局扩大会议召开，通过由毛泽东主持制定的《中国共产党中央委员会通知》（简称“五一六通知”）。８月１日至１２日，中共八届十一中全会召开，通过《中国共产党中央委员会关于无产阶级文化大革命的决定》。这两次会议的召开，是“文化大革命”全面发动的标志。“文化大革命”历经１０年，使党、国家和人民遭到新中国成立以来最严重的挫折和损失。,http://www.gov.cn/test/2009-10/09/content_1434269.htm,content_1434269.htm
173,1966,７月１日,７月１日　第二炮兵领导机构成立。１９６７年７月４日，中央军委任命向守志为司令员，李天焕为政治委员。,http://www.gov.cn/test/2009-10/09/content_1434269.htm,content_1434269.htm
174,1966,１０月２７日,１０月２７日　我国第一颗装有核弹头的地地导弹飞行爆炸成功。,http://www.gov.cn/test/2009-10/09/content_1434269.htm,content_1434269.htm
175,1967,６月１７日,６月１７日　我国第一颗氢弹空爆试验成功。,http://www.gov.cn/test/2009-10/09/content_1434277.htm,content_1434277.htm
176,1967,９月５日,９月５日　中国政府和坦桑尼亚、赞比亚两国政府在北京签订关于修建坦桑尼亚－赞比亚铁路的协定。１９７６年７月，坦赞铁路建成通车，全长１８６０公里。,http://www.gov.cn/test/2009-10/09/content_1434277.htm,content_1434277.htm
177,1968,６月,６月　河北满城汉墓出土了西汉中山靖王刘胜及其妻窦绾的两套金缕玉衣和大批珍贵文物。,http://www.gov.cn/test/2009-10/09/content_1434278.htm,content_1434278.htm
178,1968,９月５日,９月５日　西藏自治区革命委员会和新疆维吾尔自治区革命委员会成立。至此，我国大陆２９个省、市、自治区全部建立革命委员会。,http://www.gov.cn/test/2009-10/09/content_1434278.htm,content_1434278.htm
179,1968,１２月２９日,１２月２９日　南京长江大桥全面建成通车，铁路桥长６７７２米，公路桥长４５８８米。这是当时我国自行设计建造的最大的铁路、公路两用桥。,http://www.gov.cn/test/2009-10/09/content_1434278.htm,content_1434278.htm
180,1969,４月１日－２４日,４月１日－２４日　中国共产党第九次全国代表大会举行。大会肯定了“无产阶级专政下继续革命”的理论，使“文化大革命”的错误理论和实践合法化。九大在思想上、政治上和组织上的指导方针都是错误的。２８日，中共九届一中全会选举毛泽东为中央委员会主席，林彪为副主席；毛泽东、林彪、陈伯达、周恩来、康生为中央政治局常委。,http://www.gov.cn/test/2009-10/09/content_1434279.htm,content_1434279.htm
181,1969,１０月７日,１０月７日　新中国第一套全自动长途电话设备诞生。,http://www.gov.cn/test/2009-10/09/content_1434279.htm,content_1434279.htm
182,1969,１０月,１０月　新中国第一条地下铁道线路（北京火车站至石景山区苹果园）建成，全长２３．６公里。,http://www.gov.cn/test/2009-10/09/content_1434279.htm,content_1434279.htm
183,1970,４月２４日,４月２４日　我国第一颗人造地球卫星发射成功。,http://www.gov.cn/test/2009-10/09/content_1434280.htm,content_1434280.htm
184,1970,７月１日,７月１日　成昆铁路（成都至昆明）建成通车，全长１０９１公里。,http://www.gov.cn/test/2009-10/09/content_1434280.htm,content_1434280.htm
185,1970,１２月２５日,１２月２５日　中共中央批准兴建长江葛洲坝水利枢纽工程。１９８９年１月，工程全部建成。,http://www.gov.cn/test/2009-10/09/content_1434280.htm,content_1434280.htm
186,1971,９月１３日,９月１３日　林彪、叶群等人叛国外逃，在蒙古人民共和国温都尔汗机毁人亡。林彪反革命集团的覆灭，客观上宣告了“文化大革命”的理论和实践的失败。,http://www.gov.cn/test/2009-10/09/content_1434281.htm,content_1434281.htm
187,1971,１０月２５日,１０月２５日　第二十六届联合国大会以压倒多数的票数通过２７５８号决议，恢复中华人民共和国在联合国的一切合法权利，并立即把蒋介石集团的代表从联合国及其所属一切机构中驱逐出去。,http://www.gov.cn/test/2009-10/09/content_1434281.htm,content_1434281.htm
188,1971,１０月,１０月　周恩来在毛泽东支持下主持中央日常工作。周恩来提出批判极左思潮，努力落实党的各项政策，各方面工作有了明显好转。调整至１９７２年１２月被迫中断。,http://www.gov.cn/test/2009-10/09/content_1434281.htm,content_1434281.htm
189,1972,２月５日,２月５日　中共中央、国务院批准国家计委《关于进口成套化纤、化肥技术设备的报告》。随后，国家计委进一步提出从国外进口４３亿美元成套工业设备和单机的引进方案。,http://www.gov.cn/test/2009-10/09/content_1434282.htm,content_1434282.htm
190,1972,２月２１日－２８日,２月２１日－２８日　美国总统尼克松访问中国。此前，美国乒乓球代表团于１９７１年４月应邀访华；美国总统国家安全事务助理基辛格于１９７１年７月秘密访华。尼克松访华期间，毛泽东会见尼克松，周恩来同尼克松举行会谈。２８日，中美双方在上海发表《联合公报》，标志着两国关系正常化进程的开始。,http://www.gov.cn/test/2009-10/09/content_1434282.htm,content_1434282.htm
191,1972,７月,７月　湖南省长沙市郊的马王堆出土一座距今２１００多年的西汉早期墓葬。,http://www.gov.cn/test/2009-10/09/content_1434282.htm,content_1434282.htm
192,1972,９月２５日－２９日,９月２５日－２９日　日本国内阁总理大臣田中角荣应邀访问中国，谈判并解决中日邦交正常化问题。２９日，中日两国政府发表《联合声明》，宣布即日起建立外交关系。,http://www.gov.cn/test/2009-10/09/content_1434282.htm,content_1434282.htm
193,1972,１０月１３日,１０月１３日　湘黔铁路（湖南株洲田心至贵州贵定）建成通车，全长８２０公里。,http://www.gov.cn/test/2009-10/09/content_1434282.htm,content_1434282.htm
194,1973,７月１６日,７月１６日　国务院成立计划生育领导小组，在计划生育宣传教育上提出“晚、稀、少”的口号。,http://www.gov.cn/test/2009-10/09/content_1434283.htm,content_1434283.htm
195,1973,８月５日－２０日,８月５日－２０日　国务院召开首次全国环境保护会议，制定了《关于保护和改善环境的若干规定（试行草案）》。这是我国第一部环境保护的综合性法规。,http://www.gov.cn/test/2009-10/09/content_1434283.htm,content_1434283.htm
196,1973,８月２４日－２８日,８月２４日－２８日　中国共产党第十次全国代表大会举行。中共十大继续了中共九大的“左”倾错误。８月３０日，中共十届一中全会选举毛泽东为中央委员会主席，周恩来、王洪文、康生、叶剑英、李德生为副主席；毛泽东、王洪文、叶剑英、朱德、李德生、张春桥、周恩来、康生、董必武为中央政治局常委。,http://www.gov.cn/test/2009-10/09/content_1434283.htm,content_1434283.htm
197,1973,８月２６日,８月２６日　我国第一台每秒钟运算１００万次的集成电路电子计算机试制成功。,http://www.gov.cn/test/2009-10/09/content_1434283.htm,content_1434283.htm
198,1973,１１月,１１月　根治海河工程经过１０年奋战取得胜利，子牙河、大清河、永定河、北运河及南运河５大水系得到普遍治理。,http://www.gov.cn/test/2009-10/09/content_1434283.htm,content_1434283.htm
199,1973,本年,本年　我国籼型杂交水稻科研协作组的袁隆平等人，在世界上首次培育成功强优势的籼型杂交水稻。,http://www.gov.cn/test/2009-10/09/content_1434283.htm,content_1434283.htm
200,1974,４月６日－１９日,４月６日－１９日　邓小平率中国代表团出席联合国大会第六届特别会议。１０日，邓小平在联大会议上发言，全面阐述我国的对外政策。,http://www.gov.cn/test/2009-10/09/content_1434285.htm,content_1434285.htm
201,1974,５月１５日,５月１５日　新华社报道：大港油田在华北东部滨海地区建成。,http://www.gov.cn/test/2009-10/09/content_1434285.htm,content_1434285.htm
202,1974,７月,７月　我国考古工作者开始对陕西临潼县秦始皇陵东侧的秦代兵马俑坑进行发掘工作。,http://www.gov.cn/test/2009-10/09/content_1434285.htm,content_1434285.htm
203,1974,８月１日,８月１日　中央军委发布命令，将我国自行设计制造的第一艘核潜艇命名为“长征一号”，正式编入海军战斗序列。人民海军从此进入拥有核潜艇的新阶段。,http://www.gov.cn/test/2009-10/09/content_1434285.htm,content_1434285.htm
204,1974,９月１５日,９月１５日　黄河青铜峡水利枢纽工程基本建成。,http://www.gov.cn/test/2009-10/09/content_1434285.htm,content_1434285.htm
205,1974,９月２９日,９月２９日　新华社报道：胜利油田在山东渤海湾地区建成。,http://www.gov.cn/test/2009-10/09/content_1434285.htm,content_1434285.htm
206,1975,１月１３日－１７日,１月１３日－１７日　四届全国人大一次会议举行。大会重申四个现代化的目标；选举朱德为全国人大常委会委员长，任命周恩来为国务院总理、邓小平等为副总理。,http://www.gov.cn/test/2009-10/09/content_1434286.htm,content_1434286.htm
207,1975,２月４日,２月４日　我国当时发电能力最大的水力发电站——刘家峡水电站建成发电。,http://www.gov.cn/test/2009-10/09/content_1434286.htm,content_1434286.htm
208,1975,２月,２月　邓小平在毛泽东、周恩来支持下，主持中央日常工作，开始对全国各方面的工作进行整顿，收到显著成效。同年１１月，整顿被迫中断。,http://www.gov.cn/test/2009-10/09/content_1434286.htm,content_1434286.htm
209,1975,７月１日,７月１日　新中国第一条电气化铁路——宝成铁路（宝鸡至成都）电气化工程建成通车，全长６７６公里。,http://www.gov.cn/test/2009-10/09/content_1434286.htm,content_1434286.htm
210,1975,１１月２６日,１１月２６日　我国成功发射一颗返回式遥感人造地球卫星，成为继美、苏之后第三个掌握卫星回收技术的国家。,http://www.gov.cn/test/2009-10/09/content_1434286.htm,content_1434286.htm
211,1976,１月８日,１月８日　周恩来逝世。１１日下午，首都百万群众伫立在数十里长街上，送别周恩来。１５日，周恩来追悼大会在人民大会堂隆重举行。,http://www.gov.cn/test/2009-10/09/content_1434288.htm,content_1434288.htm
212,1976,３月下旬－４月５日,３月下旬－４月５日　北京、南京等地爆发悼念周恩来，反对王洪文、张春桥、江青、姚文元“四人帮”的群众运动。４月５日，首都群众在天安门广场的悼念活动被错误地定性为“反革命事件”。４月７日，中央政治局根据毛泽东提议，任命华国锋为中共中央第一副主席、国务院总理。,http://www.gov.cn/test/2009-10/09/content_1434288.htm,content_1434288.htm
213,1976,３月３０日－５月２２日,３月３０日－５月２２日　万吨远洋科学调查船“向阳红５号”和“向阳红１１号”在太平洋海域成功地进行了我国首次远洋科学调查。,http://www.gov.cn/test/2009-10/09/content_1434288.htm,content_1434288.htm
214,1976,６月６日,６月６日　我国第一座１０万吨级现代化的深水油港——大连新港建成。,http://www.gov.cn/test/2009-10/09/content_1434288.htm,content_1434288.htm
215,1976,７月６日,７月６日　朱德逝世。１１日，朱德追悼大会在人民大会堂隆重举行。,http://www.gov.cn/test/2009-10/09/content_1434288.htm,content_1434288.htm
216,1976,同日,同日　滇藏公路（云南下关至西藏芒康）建成通车，全长７１６公里。,http://www.gov.cn/test/2009-10/09/content_1434288.htm,content_1434288.htm
217,1976,７月２８日,７月２８日　河北省唐山、丰南地区发生里氏７．８级强烈地震，并波及天津、北京等地。地震造成２４．２万多人死亡，１６．４万多人受重伤。在中共中央、国务院和中央军委的领导下，在全国人民和解放军的大力支援下，灾区群众奋起抗震救灾。,http://www.gov.cn/test/2009-10/09/content_1434288.htm,content_1434288.htm
218,1976,９月９日,９月９日　毛泽东逝世。１８日，首都百万群众在天安门广场隆重举行追悼大会。全国各省、市、自治区都举行了悼念活动。,http://www.gov.cn/test/2009-10/09/content_1434288.htm,content_1434288.htm
219,1976,１０月６日,１０月６日　中共中央政治局执行党和人民的意志，采取断然措施，一举粉碎“四人帮”。消息公布后，全国亿万群众衷心拥护，举行盛大的庆祝游行。延续１０年之久的“文化大革命”至此结束。,http://www.gov.cn/test/2009-10/09/content_1434288.htm,content_1434288.htm
220,1977,７月１７日,７月１７日　中共中央政治局原则上批准国家计委向国务院提出的今后８年引进新技术和成套设备的规划。,http://www.gov.cn/test/2009-10/09/content_1434289.htm,content_1434289.htm
221,1977,８月１２日－１８日,８月１２日－１８日　中国共产党第十一次全国代表大会举行。大会宣告“文化大革命”已经结束，重申在２０世纪内把我国建设成为社会主义的现代化强国，但未能从根本上纠正“文化大革命”的错误。８月１９日，中共十一届一中全会选举华国锋为中央委员会主席，叶剑英、邓小平、李先念、汪东兴为副主席，上述５人为中央政治局常委。,http://www.gov.cn/test/2009-10/09/content_1434289.htm,content_1434289.htm
222,1977,８月３０日－９月８日,８月３０日－９月８日　南斯拉夫总统、南共联盟主席铁托访问中国，中南两党恢复正常关系。,http://www.gov.cn/test/2009-10/09/content_1434289.htm,content_1434289.htm
223,1977,９月１８日,９月１８日　中央作出恢复技术职称，建立考核制度，实行技术岗位责任制的决定。之后，中国科学院决定分别晋升陈景润、杨乐、张广厚的职称。陈景润对“哥德巴赫猜想”的研究取得世界领先的成就，杨乐、张广厚在函数理论研究方面取得卓越成就。,http://www.gov.cn/test/2009-10/09/content_1434289.htm,content_1434289.htm
224,1977,１０月５日,１０月５日　中共中央作出《关于办好各级党校的决定》。９日，“文化大革命”期间停办的中共中央党校举行开学典礼。全国各级党校随后相继复校。,http://www.gov.cn/test/2009-10/09/content_1434289.htm,content_1434289.htm
225,1977,１０月１２日,１０月１２日　国务院批转教育部《关于一九七七年高等学校招生工作的意见》，决定从本年起，高等学校招生采取自愿报名、统一考试、择优录取的办法，恢复“文化大革命”中被废弃的高考制度。１１月２８日至１２月２５日，全国约５７０万青年参加高考，２７．３万人被录取。,http://www.gov.cn/test/2009-10/09/content_1434289.htm,content_1434289.htm
226,1978,２月２４日－３月８日,２月２４日－３月８日　全国政协五届一次会议举行，通过了《中国人民政治协商会议章程》，选举邓小平为全国政协主席，乌兰夫等２２人为副主席。,http://www.gov.cn/test/2009-10/09/content_1434294.htm,content_1434294.htm
227,1978,２月２６日－３月５日,２月２６日－３月５日　五届全国人大一次会议举行，重申在２０世纪内实现四个现代化的奋斗目标；选举叶剑英为全国人大常委会委员长，任命华国锋为国务院总理。,http://www.gov.cn/test/2009-10/09/content_1434294.htm,content_1434294.htm
228,1978,３月１８日－３１日,３月１８日－３１日　全国科学大会召开。邓小平在开幕词中强调科学技术是生产力，指出为社会主义服务的脑力劳动者是劳动人民的一部分。大会制定了《一九七八－一九八五年全国科学技术发展规划纲要（草案）》。,http://www.gov.cn/test/2009-10/09/content_1434294.htm,content_1434294.htm
229,1978,４月５日,４月５日　中共中央批准中央统战部和公安部《关于全部摘掉右派分子帽子的请示报告》。９月１７日，中共中央批转《贯彻中央关于全部摘掉右派分子帽子决定的实施方案》，指出对过去错划了的人，要做好改正工作。到１１月，全国摘掉右派分子帽子的工作全部完成。对错划右派的改正工作于１９８０年基本结束。,http://www.gov.cn/test/2009-10/09/content_1434294.htm,content_1434294.htm
230,1978,５月１０日,５月１０日　中共中央党校内部刊物《理论动态》第６０期发表《实践是检验真理的唯一标准》一文。１１日，《光明日报》以特约评论员的名义公开发表此文。此后，在邓小平的领导、支持下，开展了一场关于真理标准问题的全国性大讨论。这场讨论为中共十一届三中全会作了重要的思想准备，对党和国家的历史进程产生了重大而深远的影响。,http://www.gov.cn/test/2009-10/09/content_1434294.htm,content_1434294.htm
231,1978,７月６日－９月９日,７月６日－９月９日　国务院召开务虚会，研究加快四个现代化建设问题，强调要放手利用国外资金，大量引进国外先进技术设备。会议还讨论了经济管理体制改革问题。,http://www.gov.cn/test/2009-10/09/content_1434294.htm,content_1434294.htm
232,1978,８月１２日,８月１２日　《中日和平友好条约》在北京签订，自１０月２３日起生效。,http://www.gov.cn/test/2009-10/09/content_1434294.htm,content_1434294.htm
233,1978,１０月３１日－１２月１０日,１０月３１日－１２月１０日　国务院召开全国知识青年上山下乡工作会议，决定调整政策，在城市积极开辟新领域、新行业，为更多的城镇中学毕业生创造就业和升学条件，逐步缩小上山下乡的范围，有安置条件的城市不再动员下乡。１９８１年１１月，国务院知青办并入国家劳动总局，历经２０余年的城镇知识青年上山下乡结束。,http://www.gov.cn/test/2009-10/09/content_1434294.htm,content_1434294.htm
234,1978,１１月１０日－１２月１５日,１１月１０日－１２月１５日　中共中央工作会议召开。会议讨论了中央关于从１９７９年起把全党工作着重点转移到社会主义现代化建设上来等问题。陈云提出解决历史遗留问题的意见，得到与会者响应。１１月２５日，中央政治局宣布为“天安门事件”等错案平反。１２月１３日，邓小平作《解放思想，实事求是，团结一致向前看》的讲话，实际上成为随后召开的中共十一届三中全会的主题报告，是开辟新时期新道路的宣言书。,http://www.gov.cn/test/2009-10/09/content_1434294.htm,content_1434294.htm
235,1978,１１月２７日,１１月２７日　四川攀枝花钢铁基地一期工程建成投产。,http://www.gov.cn/test/2009-10/09/content_1434294.htm,content_1434294.htm
236,1978,１２月１６日,１２月１６日　中美建交联合公报发表，决定自１９７９年１月１日起两国建立外交关系。同日，美国宣布断绝同台湾的外交关系。,http://www.gov.cn/test/2009-10/09/content_1434294.htm,content_1434294.htm
237,1978,１２月１８日－２２日,１２月１８日－２２日　中共十一届三中全会召开。全会作出把党和国家工作中心转移到经济建设上来、实行改革开放的历史性决策；强调在党的生活和国家政治生活中加强民主，决定加强党的领导机构，成立中央纪律检查委员会。十一届三中全会标志着中国共产党重新确立了马克思主义的思想路线、政治路线、组织路线，是新中国成立以来党的历史上具有深远意义的伟大转折，开启了我国改革开放历史新时期。,http://www.gov.cn/test/2009-10/09/content_1434294.htm,content_1434294.htm
238,1978,１２月２３日,１２月２３日　上海宝山钢铁总厂举行动工典礼。至１９８５年１１月、１９９２年４月，一期、二期工程建成投产。２００１年５月，三期工程通过竣工验收。,http://www.gov.cn/test/2009-10/09/content_1434294.htm,content_1434294.htm
239,1978,１２月２８日,１２月２８日　国务院决定在全国恢复和增设１６９所普通高等学校，进一步发展高等教育，以逐步适应四个现代化的需要。,http://www.gov.cn/test/2009-10/09/content_1434294.htm,content_1434294.htm
240,1979,１月１日,１月１日　全国人大常委会发表《告台湾同胞书》，提出尊重台湾现状、实现和平统一的大政方针，建议两岸实现通商、通邮、通航。同日，国防部长徐向前发表声明，宣布从即日起停止对大金门、小金门、大担、二担等岛屿的炮击。至此，从１９５８年开始的对上述地区的炮击结束。,http://www.gov.cn/test/2009-10/09/content_1434297.htm,content_1434297.htm
241,1979,１月４日－２２日,１月４日－２２日　中共十一届三中全会选举产生的中央纪律检查委员会召开第一次全体会议，讨论并拟定《关于党内政治生活的若干准则（草稿）》，制定并通过《中共中央纪律检查委员会关于工作任务、职权范围、机构设置的规定》。,http://www.gov.cn/test/2009-10/09/content_1434297.htm,content_1434297.htm
242,1979,１月１８日－４月３日,１月１８日－４月３日　党的理论工作务虚会召开。３月３０日，邓小平在会上发表讲话，强调要“坚持社会主义道路”，“坚持无产阶级专政”，“坚持共产党的领导”，“坚持马列主义、毛泽东思想”四项基本原则。,http://www.gov.cn/test/2009-10/09/content_1434297.htm,content_1434297.htm
243,1979,１月２９日－２月５日,１月２９日－２月５日　邓小平对美国进行访问。这是中华人民共和国成立后中国领导人第一次访问美国。,http://www.gov.cn/test/2009-10/09/content_1434297.htm,content_1434297.htm
244,1979,２月２３日,２月２３日　五届全国人大常委会第六次会议通过决定，将３月１２日定为植树节。,http://www.gov.cn/test/2009-10/09/content_1434297.htm,content_1434297.htm
245,1979,６月１８日－７月１日,６月１８日－７月１日　五届全国人大二次会议召开。会议根据中共中央工作会议的建议，通过了对国民经济实行“调整、改革、整顿、提高”的方针；通过了《地方各级人民代表大会和地方各级人民政府组织法》和《全国人民代表大会和地方各级人民代表大会选举法》，规定县以上地方各级人民代表大会设立常务委员会，地方各级革命委员会改为人民政府，县人民代表大会代表由选民直接选举；还通过了《刑法》、《刑事诉讼法》、《中外合资经营企业法》等法律。,http://www.gov.cn/test/2009-10/09/content_1434297.htm,content_1434297.htm
246,1979,７月１５日,７月１５日　中共中央、国务院批转广东省委、福建省委关于对外经济活动实行特殊政策和灵活措施的报告，决定先在深圳、珠海试办出口特区，待取得经验后，再考虑在汕头和厦门设置特区。１９８０年５月１６日，中共中央、国务院批转《广东、福建两省会议纪要》，正式将“出口特区”改名为“经济特区”。,http://www.gov.cn/test/2009-10/09/content_1434297.htm,content_1434297.htm
247,1979,９月２５日－２８日,９月２５日－２８日　中共十一届四中全会召开，讨论通过叶剑英在庆祝中华人民共和国成立３０周年大会上的讲话稿，通过《中共中央关于加快农业发展若干问题的决定》。,http://www.gov.cn/test/2009-10/09/content_1434297.htm,content_1434297.htm
248,1979,９月２９日,９月２９日　叶剑英在庆祝中华人民共和国成立３０周年大会上发表讲话。讲话初步总结了新中国成立３０年来的经验教训，明确提出要从中国的实际出发，走出一条适合我国情况和特点的实现现代化的道路，要发展社会主义民主和法制，建设社会主义物质文明和精神文明。,http://www.gov.cn/test/2009-10/09/content_1434297.htm,content_1434297.htm
249,1979,１０月１９日,１０月１９日　邓小平在全国政协、中共中央统战部宴请出席各民主党派和全国工商联代表大会代表的宴会上讲话指出，统一战线已经发展成为全体社会主义劳动者、拥护社会主义的爱国者和拥护祖国统一的爱国者的最广泛的联盟。在中国共产党的领导下，同各民主党派实行“长期共存、互相监督”的方针，实行多党派合作，是一项长期不变的方针。,http://www.gov.cn/test/2009-10/09/content_1434297.htm,content_1434297.htm
250,1979,１０月３０日－１１月１６日,１０月３０日－１１月１６日　中国文学艺术工作者第四次代表大会召开，邓小平致祝词指出，我们要在建设高度物质文明的同时，提高全民族的科学文化水平，发展高尚的丰富多彩的文化生活，建设高度的社会主义精神文明。,http://www.gov.cn/test/2009-10/09/content_1434297.htm,content_1434297.htm
251,1980,２月２３日－２９日,２月２３日－２９日　中共十一届五中全会召开，决定重新设立中央书记处；通过《关于党内政治生活的若干准则》；通过为刘少奇平反的决议；建议全国人大修改宪法第四十五条，取消关于公民“有运用大鸣、大放、大辩论、大字报的权利”的规定。,http://www.gov.cn/test/2009-10/09/content_1434298.htm,content_1434298.htm
252,1980,５月１７日,５月１７日　国务院、中央军委联合发布《关于民航管理体制若干问题的决定》。民航总局从１９８０年５月１７日起逐步实行企业化管理。,http://www.gov.cn/test/2009-10/09/content_1434298.htm,content_1434298.htm
253,1980,８月２日－７日,８月２日－７日　中共中央召开全国劳动就业工作会议，提出实行“在国家统筹规划和指导下，劳动部门介绍就业、自愿组织起来就业和自谋职业相结合”的方针。,http://www.gov.cn/test/2009-10/09/content_1434298.htm,content_1434298.htm
254,1980,８月１８日,８月１８日　邓小平在中共中央政治局扩大会议上作《党和国家领导制度的改革》的讲话，指出领导制度、组织制度问题更带有根本性、全局性、稳定性和长期性，对现行制度存在的官僚主义、权力过分集中、家长制、干部领导职务终身制等各种弊端必须进行改革。这篇讲话成为指导我国进行政治体制改革的纲领性文献。,http://www.gov.cn/test/2009-10/09/content_1434298.htm,content_1434298.htm
255,1980,８月３０日－９月１０日,８月３０日－９月１０日　五届全国人大三次会议召开，通过《国籍法》、《婚姻法》、《中外合资经营企业所得税法》和《个人所得税法》。根据中共中央建议，会议决定华国锋不再担任国务院总理，由赵紫阳接任；同意一批老一辈革命家不再兼任国务院副总理和全国人大常委会副委员长的请求。,http://www.gov.cn/test/2009-10/09/content_1434298.htm,content_1434298.htm
256,1980,９月２日,９月２日　国务院批转国家经委《关于扩大企业自主权试点工作情况和今后意见的报告》，要求从１９８１年起把扩大企业自主权的工作在国营工业企业中全面推开。,http://www.gov.cn/test/2009-10/09/content_1434298.htm,content_1434298.htm
257,1980,９月２５日,９月２５日　中共中央发出《关于控制我国人口增长问题致全体共产党员、共青团员的公开信》，提倡一对夫妇只生育一个孩子。,http://www.gov.cn/test/2009-10/09/content_1434298.htm,content_1434298.htm
258,1980,９月２６日－２９日,９月２６日－２９日　五届全国人大常委会第十六次会议召开，决定成立最高人民检察院特别检察厅和最高人民法院特别法庭，对林彪、江青两个反革命集团案进行公开审判。１１月２０日，最高人民法院特别法庭开庭公审林彪、江青两个反革命集团主犯。,http://www.gov.cn/test/2009-10/09/content_1434298.htm,content_1434298.htm
259,1980,１２月３日,１２月３日　中共中央、国务院发出《关于普及小学教育若干问题的决定》，要求在８０年代全国基本实现普及小学教育，有条件的地方进而普及初中教育。,http://www.gov.cn/test/2009-10/09/content_1434298.htm,content_1434298.htm
260,1981,２月２５日,２月２５日　全国总工会、共青团中央等九单位联合向全国人民特别是青少年发出倡议，开展以“五讲”（讲文明、讲礼貌、讲卫生、讲秩序、讲道德）和“四美”（心灵美、语言美、行为美、环境美）为主要内容的文明礼貌活动。,http://www.gov.cn/test/2009-10/09/content_1434299.htm,content_1434299.htm
261,1981,６月２７日－２９日,６月２７日－２９日　中共十一届六中全会召开，通过《中国共产党中央委员会关于建国以来党的若干历史问题的决议》，标志着党在指导思想上拨乱反正任务的胜利完成。全会同意华国锋辞去中央委员会主席和中央军事委员会主席职务的请求，选举胡耀邦为中央委员会主席，赵紫阳、华国锋为副主席，邓小平为中央军事委员会主席。中央政治局常务委员会由胡耀邦、叶剑英、邓小平、赵紫阳、李先念、陈云、华国锋组成。,http://www.gov.cn/test/2009-10/09/content_1434299.htm,content_1434299.htm
262,1981,７月３１日,７月３１日　国务院批准《关于在湖北省沙市市进行经济体制改革综合试点的报告》。沙市成为我国第一个进行经济体制改革综合试点的城市。,http://www.gov.cn/test/2009-10/09/content_1434299.htm,content_1434299.htm
263,1981,９月１９日,９月１９日　邓小平在检阅华北某地举行军事演习的人民解放军部队时提出，必须把我军建设成为一支强大的现代化、正规化的革命军队。,http://www.gov.cn/test/2009-10/09/content_1434299.htm,content_1434299.htm
264,1981,９月２０日,９月２０日　我国成功发射一组空间物理测验卫星。这是我国首次用一枚运载火箭发射三颗卫星。,http://www.gov.cn/test/2009-10/09/content_1434299.htm,content_1434299.htm
265,1981,９月３０日,９月３０日　叶剑英向新华社记者发表谈话，阐明关于台湾回归祖国、实现祖国和平统一的九条方针。,http://www.gov.cn/test/2009-10/09/content_1434299.htm,content_1434299.htm
266,1981,１０月１０日,１０月１０日　国务院发出《关于加强旅游工作的决定》。,http://www.gov.cn/test/2009-10/09/content_1434299.htm,content_1434299.htm
267,1981,１０月１７日,１０月１７日　中共中央、国务院发出《关于广开门路，搞活经济，解决城镇就业问题的若干决定》，提出今后必须着重开辟在集体经济和个体经济中的就业渠道。,http://www.gov.cn/test/2009-10/09/content_1434299.htm,content_1434299.htm
268,1981,１１月７日－１６日,１１月７日－１６日　中国女排在日本大阪举行的第三届世界杯女子排球赛上七战七捷，首次荣获世界冠军。,http://www.gov.cn/test/2009-10/09/content_1434299.htm,content_1434299.htm
269,1981,１２月３日,１２月３日　中共中央、国务院、中央军委作出《关于恢复新疆生产建设兵团的决定》。新疆军区生产建设兵团于１９５４年１０月７日成立，１９７５年３月２５日撤销。,http://www.gov.cn/test/2009-10/09/content_1434299.htm,content_1434299.htm
270,1981,１２月３日,１２月３日　我国第一个生产彩色显像管的现代化大型企业——陕西显像管厂正式投产。,http://www.gov.cn/test/2009-10/09/content_1434299.htm,content_1434299.htm
271,1982,１月１日,１月１日　中共中央批转《全国农村工作会议纪要》，肯定包产到户等各种生产责任制都是社会主义集体经济的生产责任制。,http://www.gov.cn/test/2009-10/09/content_1434300.htm,content_1434300.htm
272,1982,１月1１日,１月1１日　邓小平会见美国华人协会主席李耀滋，首次提出“一个国家两种制度”的概念。１９８３年６月２６日，邓小平会见美国新泽西州西东大学教授杨力宇，提出了实现大陆和台湾和平统一的六条方针。,http://www.gov.cn/test/2009-10/09/content_1434300.htm,content_1434300.htm
273,1982,２月２０日,２月２０日　中共中央作出《关于建立老干部退休制度的决定》。,http://www.gov.cn/test/2009-10/09/content_1434300.htm,content_1434300.htm
274,1982,３月８日,３月８日　五届全国人大常委会第二十二次会议通过《关于国务院机构改革问题的决议》。国务院机构改革随即展开，国务院各部委和直属机构由９８个裁减、合并为５２个，工作人员编制减少三分之一左右。,http://www.gov.cn/test/2009-10/09/content_1434300.htm,content_1434300.htm
275,1982,４月１３日,４月１３日　中共中央、国务院作出《关于打击经济领域中严重犯罪活动的决定》。,http://www.gov.cn/test/2009-10/09/content_1434300.htm,content_1434300.htm
276,1982,８月１７日,８月１７日　中美两国政府就分步骤直到最后彻底解决美国向台湾出售武器问题发表《中华人民共和国和美利坚合众国联合公报》。这是中美两国政府继１９７２年上海公报和１９７９年建交公报之后发表的第三个关于中美关系的重要公报。,http://www.gov.cn/test/2009-10/09/content_1434300.htm,content_1434300.htm
277,1982,９月１日－１１日,９月１日－１１日　中国共产党第十二次全国代表大会举行。邓小平在开幕词中提出，走自己的道路，建设有中国特色的社会主义。胡耀邦代表第十一届中央委员会作《全面开创社会主义现代化建设的新局面》的报告。大会通过的新党章，继承和发展了七大、八大党章的优点，系统总结了历史上党的建设的经验，比较完整地概括了党的性质、党的目标、对党员和党组织的基本要求，以及党的领导作用。大会决定设立中央顾问委员会。９月１２日至１３日，中共十二届一中全会选举胡耀邦、叶剑英、邓小平、赵紫阳、李先念、陈云为中央政治局常委，胡耀邦为中央委员会总书记，决定邓小平为中央军事委员会主席，批准邓小平为中央顾问委员会主任、陈云为中央纪律检查委员会书记。,http://www.gov.cn/test/2009-10/09/content_1434300.htm,content_1434300.htm
278,1982,１１月２６日－１２月１０日,１１月２６日－１２月１０日　五届全国人大五次会议召开，通过新的《中华人民共和国宪法》；批准国民经济和社会发展第六个五年计划等。新《宪法》加强了人民代表大会制度，扩大了全国人大常委会的职权，规定设立国家主席和副主席，设立国家中央军事委员会；国务院实行总理负责制，国家领导人连续任职不得超过两届。,http://www.gov.cn/test/2009-10/09/content_1434300.htm,content_1434300.htm
279,1983,１月２日,１月２日　中共中央发出《当前农村经济政策的若干问题》的文件，肯定联产承包制是在党的领导下我国农民的伟大创造。,http://www.gov.cn/test/2009-10/09/content_1434317.htm,content_1434317.htm
280,1983,４月５日,４月５日　中国人民武装警察部队总部成立。,http://www.gov.cn/test/2009-10/09/content_1434317.htm,content_1434317.htm
281,1983,４月２４日,４月２４日　国务院批转财政部制定的《关于国营企业利改税试行办法》。该办法自１９８３年１月１日起实行。１９８４年９月１８日，《国营企业第二步利改税试行办法》经国务院批准颁发，从１９８４年１０月１日起试行。,http://www.gov.cn/test/2009-10/09/content_1434317.htm,content_1434317.htm
282,1983,６月４日－２２日,６月４日－２２日　全国政协六届一次会议举行，选举邓颖超为全国政协主席。,http://www.gov.cn/test/2009-10/09/content_1434317.htm,content_1434317.htm
283,1983,６月６日－２１日,６月６日－２１日　六届全国人大一次会议举行，选举李先念为中华人民共和国主席，乌兰夫为副主席，彭真为全国人大常委会委员长，邓小平为中华人民共和国中央军事委员会主席，决定赵紫阳为国务院总理。,http://www.gov.cn/test/2009-10/09/content_1434317.htm,content_1434317.htm
284,1983,８月２５日,８月２５日　中共中央发出《关于严厉打击刑事犯罪活动的决定》。,http://www.gov.cn/test/2009-10/09/content_1434317.htm,content_1434317.htm
285,1983,９月１７日,９月１７日　国务院作出《关于中国人民银行专门行使中央银行职能的决定》，规定中国人民银行专门行使中央银行职能，不再兼办工商信贷和储蓄业务。,http://www.gov.cn/test/2009-10/09/content_1434317.htm,content_1434317.htm
286,1983,１０月１日,１０月１日　邓小平为景山学校题词：教育要面向现代化，面向世界，面向未来。,http://www.gov.cn/test/2009-10/09/content_1434317.htm,content_1434317.htm
287,1983,１０月１１日－１２日,１０月１１日－１２日　中共十二届二中全会召开，决定用三年时间分期分批对党的作风和党的组织进行一次全面整顿。这次整党从１９８３年１１月开始，至１９８７年５月基本结束。,http://www.gov.cn/test/2009-10/09/content_1434317.htm,content_1434317.htm
288,1983,１０月１２日,１０月１２日　中共中央、国务院发出《关于实行政社分开建立乡政府的通知》，要求在１９８４年底以前大体上完成建立乡政府的工作。此后，建立乡、镇政府和各种合作经济形式的工作在全国展开，人民公社体制废除。,http://www.gov.cn/test/2009-10/09/content_1434317.htm,content_1434317.htm
289,1984,１月１日,１月１日　中共中央发出《关于１９８４年农村工作的通知》，强调稳定和完善生产责任制，提高生产力水平，疏理流通渠道，发展商品生产，延长土地承包期一般应在１５年以上。,http://www.gov.cn/test/2009-10/09/content_1434321.htm,content_1434321.htm
290,1984,１月２２日－２月１７日,１月２２日－２月１７日　邓小平视察深圳、珠海、厦门三个经济特区和上海，充分肯定试办经济特区和对外开放的决策。,http://www.gov.cn/test/2009-10/09/content_1434321.htm,content_1434321.htm
291,1984,３月１日,３月１日　中共中央、国务院转发农牧渔业部《关于开创社队企业新局面的报告》，同意将社队企业改称乡镇企业，并提出发展乡镇企业的若干政策。,http://www.gov.cn/test/2009-10/09/content_1434321.htm,content_1434321.htm
292,1984,５月４日,５月４日　中共中央、国务院批转《沿海部分城市座谈会纪要》，决定进一步开放大连等１４个沿海港口城市。,http://www.gov.cn/test/2009-10/09/content_1434321.htm,content_1434321.htm
293,1984,５月８日,５月８日　国务院作出《关于环境保护工作的决定》，指出保护和改善生活环境和生态环境，防治污染和自然环境破坏，是我国社会主义现代化建设中的一项基本国策。,http://www.gov.cn/test/2009-10/09/content_1434321.htm,content_1434321.htm
294,1984,５月１０日,５月１０日　国务院发出《关于进一步扩大国营工业企业自主权的暂行规定》，适当扩大了国营工业企业在生产经营计划等十个方面的自主权。,http://www.gov.cn/test/2009-10/09/content_1434321.htm,content_1434321.htm
295,1984,５月１５日－３１日,５月１５日－３１日　六届全国人大二次会议召开。会议通过《民族区域自治法》和《兵役法》，并决定建立海南行政区。《民族区域自治法》对民族自治地方的政治、经济、文化等各方面的权利和义务作了系统规定。,http://www.gov.cn/test/2009-10/09/content_1434321.htm,content_1434321.htm
296,1984,７月２８日－８月１２日,７月２８日－８月１２日　中国体育代表团在美国洛杉矶举行的第二十三届奥运会上获得１５枚金牌，实现了中国在奥运会金牌榜上零的突破。,http://www.gov.cn/test/2009-10/09/content_1434321.htm,content_1434321.htm
297,1984,９月２６日,９月２６日　中英两国政府在北京草签关于香港问题的联合声明，确认中国政府于１９９７年７月１日对香港恢复行使主权。１２月１９日，联合声明在北京正式签署。,http://www.gov.cn/test/2009-10/09/content_1434321.htm,content_1434321.htm
298,1984,１０月１日,１０月１日　首都举行庆祝中华人民共和国成立３５周年的阅兵仪式和群众游行。邓小平检阅受阅部队。,http://www.gov.cn/test/2009-10/09/content_1434321.htm,content_1434321.htm
299,1984,１０月１３日,１０月１３日　国务院发出《关于农民进入集镇落户问题的通知》，要求积极支持有经营能力和有技术专长的农民进入集镇经营工商业，并放宽其落户政策，统计为非农业人口。,http://www.gov.cn/test/2009-10/09/content_1434321.htm,content_1434321.htm
300,1984,１０月２０日,１０月２０日　中共十二届三中全会召开，通过《中共中央关于经济体制改革的决定》，提出社会主义经济是以公有制为基础的有计划的商品经济，实现了党在经济理论上的新突破，规定了以城市为重点的经济体制改革的任务、性质和各项方针政策。,http://www.gov.cn/test/2009-10/09/content_1434321.htm,content_1434321.htm
301,1985,１月１日,１月１日　中共中央、国务院发出《关于进一步活跃农村经济的十项政策》，决定改革农产品统派购制度，从１９８５年起实行合同定购和市场收购。,http://www.gov.cn/test/2009-10/09/content_1434323.htm,content_1434323.htm
302,1985,１月２１日,１月２１日　六届全国人大常委会第九次会议通过议案，确定每年９月１０日为我国教师节。,http://www.gov.cn/test/2009-10/09/content_1434323.htm,content_1434323.htm
303,1985,２月１５日,２月１５日　中国第一个南极考察站——长城站在南极乔治岛建成。,http://www.gov.cn/test/2009-10/09/content_1434323.htm,content_1434323.htm
304,1985,２月１８日,２月１８日　中共中央、国务院批转《长江、珠江三角洲和闽南厦漳泉三角地区座谈会纪要》，决定将长江三角洲、珠江三角洲和闽南厦漳泉三角地区开辟为沿海经济开放区。,http://www.gov.cn/test/2009-10/09/content_1434323.htm,content_1434323.htm
305,1985,３月４日,３月４日　邓小平在会见外宾时提出和平与发展是当代世界的两大问题。,http://www.gov.cn/test/2009-10/09/content_1434323.htm,content_1434323.htm
306,1985,３月１３日,３月１３日　中共中央发出《关于科学技术体制改革的决定》，强调经济建设必须依靠科学技术、科学技术工作必须面向经济建设，要从我国的实际出发，对科学技术体制进行改革。,http://www.gov.cn/test/2009-10/09/content_1434323.htm,content_1434323.htm
307,1985,３月２１日,３月２１日　国务院发出通知，从当年起，实行“划分税种、核定收支、分级包干”的财政管理体制。,http://www.gov.cn/test/2009-10/09/content_1434323.htm,content_1434323.htm
308,1985,５月２３日－６月６日,５月２３日－６月６日　中央军委扩大会议召开。邓小平提出对国际形势的新判断和我国对外政策的两个重要转变。会议作出军队建设指导思想实行战略性转变的重大决策，确定军队减少员额１００万。,http://www.gov.cn/test/2009-10/09/content_1434323.htm,content_1434323.htm
309,1985,５月２７日,５月２７日　中共中央发出《关于教育体制改革的决定》，阐明了教育体制改革的措施、步骤和目的，提出有步骤地实行九年制义务教育，大力发展职业技术教育，改革高等学校的招生计划和毕业生分配制度，扩大高等学校办学自主权。,http://www.gov.cn/test/2009-10/09/content_1434323.htm,content_1434323.htm
310,1985,５月,５月　中共中央、国务院批准实施旨在依靠科学技术促进农村经济发展的“星火计划”。,http://www.gov.cn/test/2009-10/09/content_1434323.htm,content_1434323.htm
311,1985,６月９日－１５日,６月９日－１５日　首次全国法制宣传教育工作会议通过《关于向全体公民基本普及法律常识的五年规划》。到２００９年，国家共实施五个五年普法规划。,http://www.gov.cn/test/2009-10/09/content_1434323.htm,content_1434323.htm
312,1985,９月１８日－２３日,９月１８日－２３日　中国共产党全国代表会议召开。会议讨论通过《关于制定国民经济和社会发展第七个五年计划的建议》，对中央委员会、中央顾问委员会和中央纪律检查委员会的成员进行了局部调整，进一步实现了中央领导机构成员的新老交替。,http://www.gov.cn/test/2009-10/09/content_1434323.htm,content_1434323.htm
313,1986,１月８日,１月８日　我国第二大汽车工业基地——第二汽车制造厂在湖北省十堰市建成投产。,http://www.gov.cn/test/2009-10/09/content_1434326.htm,content_1434326.htm
314,1986,２月１４日,２月１４日　国务院决定成立国家自然科学基金委员会。,http://www.gov.cn/test/2009-10/09/content_1434326.htm,content_1434326.htm
315,1986,３月３日,３月３日　著名科学家王大珩、王淦昌、陈芳允、杨嘉墀上书中共中央，提出发展高技术的建议。１１月１８日，中共中央、国务院转发《高技术研究发展计划纲要》。高技术研究发展计划后被称为“八六三”计划。,http://www.gov.cn/test/2009-10/09/content_1434326.htm,content_1434326.htm
316,1986,３月２５日－４月１２日,３月２５日－４月１２日　六届全国人大四次会议召开，批准国民经济和社会发展“七五”计划；通过《民法通则》、《义务教育法》和《外资企业法》。,http://www.gov.cn/test/2009-10/09/content_1434326.htm,content_1434326.htm
317,1986,５月１４日,５月１４日　国务院贫困地区经济开发领导小组第一次全体会议召开，提出争取在“七五”期间解决大多数贫困地区人民的温饱问题，并提出了贫困地区实行新的经济开发方式的十点意见。,http://www.gov.cn/test/2009-10/09/content_1434326.htm,content_1434326.htm
318,1986,６月２５日,６月２５日　六届全国人大常委会第十六次会议通过《土地管理法》。,http://www.gov.cn/test/2009-10/09/content_1434326.htm,content_1434326.htm
319,1986,７月８日,７月８日　我国国内卫星通信网正式建成。,http://www.gov.cn/test/2009-10/09/content_1434326.htm,content_1434326.htm
320,1986,７月１２日,７月１２日　国务院发布《国营企业实行劳动合同制暂行规定》、《国营企业招用工人暂行规定》、《国营企业辞退违纪职工暂行规定》和《国营企业职工待业保险暂行规定》，从１０月１日起施行。这是新中国成立以来劳动制度的一次重大改革。,http://www.gov.cn/test/2009-10/09/content_1434326.htm,content_1434326.htm
321,1986,８月１０日,８月１０日　解放军总参谋部、总政治部、总后勤部发出通知，规定预备役部队正式列入人民解放军建制序列。,http://www.gov.cn/test/2009-10/09/content_1434326.htm,content_1434326.htm
322,1986,９月２８日,９月２８日　中共十二届六中全会召开，通过《中共中央关于社会主义精神文明建设指导方针的决议》。,http://www.gov.cn/test/2009-10/09/content_1434326.htm,content_1434326.htm
323,1986,１２月２日,１２月２日　六届全国人大常委会第十八次会议通过《企业破产法（试行）》。此前，８月３日，沈阳市防爆器械厂宣布破产，这是改革开放后第一家宣告倒闭的国营企业。,http://www.gov.cn/test/2009-10/09/content_1434326.htm,content_1434326.htm
324,1986,１２月５日,１２月５日　国务院作出《关于深化企业改革增强企业活力的若干规定》，提出全民所有制小型企业可积极试行租赁、承包经营，全民所有制大中型企业要实行多种形式的经营责任制，各地可以选择少数有条件的全民所有制大中型企业进行股份制试点。,http://www.gov.cn/test/2009-10/09/content_1434326.htm,content_1434326.htm
325,1987,３月２６日,３月２６日　中葡两国政府在北京草签关于澳门问题的联合声明，确认中国政府于１９９９年１２月２０日对澳门恢复行使主权。４月１３日，联合声明正式签署。,http://www.gov.cn/test/2009-10/09/content_1434327.htm,content_1434327.htm
326,1987,１０月１４日,１０月１４日　国务院有关方面负责人就台湾国民党当局有限制地开放台湾同胞赴大陆探亲一事发表谈话指出，热情欢迎台湾同胞到祖国大陆探亲旅游，保证来去自由；同时也希望台湾当局允许大陆同胞到台湾探亲。,http://www.gov.cn/test/2009-10/09/content_1434327.htm,content_1434327.htm
327,1987,１０月２５日－１１月１日,１０月２５日－１１月１日　中国共产党第十三次全国代表大会举行。赵紫阳代表第十二届中央委员会作《沿着有中国特色的社会主义道路前进》的报告。大会阐述了社会主义初级阶段的理论，提出了党在社会主义初级阶段的“一个中心、两个基本点”的基本路线，制定了到２１世纪中叶分三步走、实现现代化的发展战略。１１月２日，中共十三届一中全会选举赵紫阳、李鹏、乔石、胡启立、姚依林为中央政治局常委，赵紫阳为中央委员会总书记，决定邓小平为中央军事委员会主席，批准陈云为中央顾问委员会主任，乔石为中央纪律检查委员会书记。,http://www.gov.cn/test/2009-10/09/content_1434327.htm,content_1434327.htm
328,1987,１１月２４日,１１月２４日　六届全国人大常委会第二十三次会议通过《村民委员会组织法（试行）》。,http://www.gov.cn/test/2009-10/09/content_1434327.htm,content_1434327.htm
329,1988,２月２５日,２月２５日　国务院印发《关于在全国城镇分期分批推行住房制度改革的实施方案》，决定从１９８８年起，用三五年的时间，在全国城镇分期分批把住房制度改革推开。,http://www.gov.cn/test/2009-10/09/content_1434328.htm,content_1434328.htm
330,1988,３月１８日,３月１８日　国务院发出《关于扩大沿海经济开放区范围的通知》，决定将１４０个市、县，包括杭州、南京、沈阳３个省会城市划入沿海经济开放区。,http://www.gov.cn/test/2009-10/09/content_1434328.htm,content_1434328.htm
331,1988,３月１１日－１５日,３月１１日－１５日　中国残疾人联合会首届全国代表大会召开，宣告中国残疾人联合会成立。此后，党和政府采取一系列措施发展残疾人事业。,http://www.gov.cn/test/2009-10/09/content_1434328.htm,content_1434328.htm
332,1988,３月２４日－４月１０日,３月２４日－４月１０日　全国政协七届一次会议举行，选举李先念为全国政协主席。,http://www.gov.cn/test/2009-10/09/content_1434328.htm,content_1434328.htm
333,1988,３月２５日－４月１３日,３月２５日－４月１３日　七届全国人大一次会议举行。会议通过的宪法修正案将“国家允许私营经济在法律规定的范围内存在和发展。私营经济是社会主义公有制经济的补充。国家保护私营经济的合法的权利和利益，对私营经济实行引导、监督和管理”以及“土地的使用权可以依照法律的规定转让”等规定载入宪法。决定设立海南省、建立海南岛经济特区。会议选举杨尚昆为中华人民共和国主席，王震为副主席，万里为全国人大常委会委员长，邓小平为中华人民共和国中央军事委员会主席，决定李鹏为国务院总理。,http://www.gov.cn/test/2009-10/09/content_1434328.htm,content_1434328.htm
334,1988,４月２６日,４月２６日　中共海南省委员会和海南省人民政府正式挂牌。,http://www.gov.cn/test/2009-10/09/content_1434328.htm,content_1434328.htm
335,1988,４月２７日,４月２７日　中央军委颁发《中国人民解放军文职干部暂行条例》。从１９８８年８月１日起，文职干部制度在全军正式施行。,http://www.gov.cn/test/2009-10/09/content_1434328.htm,content_1434328.htm
336,1988,５月２０日,５月２０日　北京市宣布以中关村为中心建立新技术产业开发试验区。,http://www.gov.cn/test/2009-10/09/content_1434328.htm,content_1434328.htm
337,1988,７月１日,７月１日　七届全国人大常委会第二次会议通过《中国人民解放军军官军衔条例》，人民解放军实行新的军衔制。１２月１７日，《中国人民武装警察部队实行警官警衔制度的具体办法》发布，武警部队实行警官警衔制度。截至２００９年７月２０日，共有１１８名高级军官武警警官被授予上将军衔警衔。自１９５５年首次实行军衔制和１９８８年实行新的军衔制以来，被授予上将军衔警衔的高级军官武警警官共有１７５人次。,http://www.gov.cn/test/2009-10/09/content_1434328.htm,content_1434328.htm
338,1988,８月５日－８日,８月５日－８日　国家科委召开全国第一次“火炬计划”工作会议，旨在发展高新技术产业的“火炬计划”正式开始实施。,http://www.gov.cn/test/2009-10/09/content_1434328.htm,content_1434328.htm
339,1988,９月５日,９月５日　邓小平在会见外宾时提出“科学技术是第一生产力”的重要论断。,http://www.gov.cn/test/2009-10/09/content_1434328.htm,content_1434328.htm
340,1988,９月１４日－２７日,９月１４日－２７日　我国自行研制的导弹核潜艇在东海海域进行水下发射运载火箭试验并取得成功。,http://www.gov.cn/test/2009-10/09/content_1434328.htm,content_1434328.htm
341,1988,９月１７日,９月１７日　中国体育代表团在韩国汉城举行的第二十四届奥运会上获得５枚金牌、１１枚银牌、１２枚铜牌。,http://www.gov.cn/test/2009-10/09/content_1434328.htm,content_1434328.htm
342,1988,９月２６日－３０日,９月２６日－３０日　中共十三届三中全会召开，确定把１９８９年和１９９０年两年改革和建设的重点突出地放到治理经济环境和整顿经济秩序上来。,http://www.gov.cn/test/2009-10/09/content_1434328.htm,content_1434328.htm
343,1988,１０月１６日,１０月１６日　我国第一座高能加速器——北京正负电子对撞机首次对撞成功。,http://www.gov.cn/test/2009-10/09/content_1434328.htm,content_1434328.htm
344,1989,春夏之交,春夏之交　北京和其他一些城市发生政治风波，党和政府依靠人民，旗帜鲜明地反对动乱，平息在北京发生的反革命暴乱，捍卫了社会主义国家政权，维护了人民的根本利益，保证了改革开放和现代化建设继续前进。,http://www.gov.cn/test/2009-10/09/content_1434332.htm,content_1434332.htm
345,1989,５月１６日,５月１６日　邓小平会见来访的苏联最高苏维埃主席团主席、苏共中央总书记戈尔巴乔夫。中苏关系实现正常化。,http://www.gov.cn/test/2009-10/09/content_1434332.htm,content_1434332.htm
346,1989,６月９日,６月９日　邓小平接见首都戒严部队军以上干部，指出北京发生的政治风波是国际的大气候和中国自己的小气候所决定了的，强调要坚定不移地执行党的十一届三中全会以来制定的一系列路线、方针、政策，要认真总结经验，对的要继续坚持，失误的要纠正，不足的要加点劲。,http://www.gov.cn/test/2009-10/09/content_1434332.htm,content_1434332.htm
347,1989,６月２３日－２４日,６月２３日－２４日　中共十三届四中全会召开，撤销赵紫阳党内一切领导职务，选举江泽民为中央委员会总书记。全会明确宣告，党的十一届三中全会以来的路线和基本政策，绝不会因为发生这场政治风波而动摇。,http://www.gov.cn/test/2009-10/09/content_1434332.htm,content_1434332.htm
348,1989,９月２９日,９月２９日　庆祝中华人民共和国成立４０周年大会举行，江泽民发表讲话，全面阐述邓小平关于建设有中国特色的社会主义理论的指导意义。,http://www.gov.cn/test/2009-10/09/content_1434332.htm,content_1434332.htm
349,1989,１１月６日－９日,１１月６日－９日　中共十三届五中全会召开，通过《中共中央关于进一步治理整顿和深化改革的决定》。全会高度评价邓小平对党和国家的历史贡献，强调他是中国改革开放和现代化建设“当之无愧的总设计师”，同意邓小平辞去中央军委主席职务，决定江泽民任中央军委主席。,http://www.gov.cn/test/2009-10/09/content_1434332.htm,content_1434332.htm
350,1989,１２月２１日,１２月２１日　中共中央发出《关于加强和改善党对工会、共青团、妇联工作领导的通知》。,http://www.gov.cn/test/2009-10/09/content_1434332.htm,content_1434332.htm
351,1989,１２月２６日,１２月２６日　七届全国人大常委会第十一次会议通过《城市居民委员会组织法》、《环境保护法》和《城市规划法》。,http://www.gov.cn/test/2009-10/09/content_1434332.htm,content_1434332.htm
352,1989,１２月３０日,１２月３０日　中共中央发出《关于坚持和完善中国共产党领导的多党合作和政治协商制度的意见》。,http://www.gov.cn/test/2009-10/09/content_1434332.htm,content_1434332.htm
353,1990,２月３日,２月３日　国务院发出《关于切实减轻农民负担的通知》。,http://www.gov.cn/test/2009-10/09/content_1434334.htm,content_1434334.htm
354,1990,３月９日－１２日,３月９日－１２日　中共十三届六中全会召开，通过《中共中央关于加强党同人民群众联系的决定》。,http://www.gov.cn/test/2009-10/09/content_1434334.htm,content_1434334.htm
355,1990,３月２０日－４月４日,３月２０日－４月４日　七届全国人大三次会议召开，通过《关于设立香港特别行政区的决定》、《中华人民共和国香港特别行政区基本法》等；决定接受邓小平辞去国家中央军委主席职务的请求，选举江泽民为国家中央军委主席。,http://www.gov.cn/test/2009-10/09/content_1434334.htm,content_1434334.htm
356,1990,４月１８日,４月１８日　中共中央、国务院同意上海市加快浦东地区的开发，在浦东实行经济技术开发区和某些经济特区的政策。,http://www.gov.cn/test/2009-10/09/content_1434334.htm,content_1434334.htm
357,1990,９月１日,９月１日　中国大陆兴建最早的高速公路——沈大高速公路（沈阳至大连）正式通车，全长３７５公里。,http://www.gov.cn/test/2009-10/09/content_1434334.htm,content_1434334.htm
358,1990,９月２２日－１０月７日,９月２２日－１０月７日　第十一届亚洲运动会在北京举行。这是中国第一次承办的综合性的国际体育大赛。来自３７个国家和地区的体育代表团的６５７８人参加了这届亚运会。中国体育代表团获１８３枚金牌、１０７枚银牌、５１枚铜牌，金牌数列榜首。,http://www.gov.cn/test/2009-10/09/content_1434334.htm,content_1434334.htm
359,1990,１１月１２日,１１月１２日　江苏仪征化纤工程全面建成投产。,http://www.gov.cn/test/2009-10/09/content_1434334.htm,content_1434334.htm
360,1990,１１月２６日,１１月２６日　上海证券交易所正式成立。这是改革开放以来中国大陆开业的第一家证券交易所。１９９１年７月３日，深圳证券交易所正式开业。,http://www.gov.cn/test/2009-10/09/content_1434334.htm,content_1434334.htm
361,1990,１２月１日,１２月１日　江泽民在全军军事工作会议上提出“政治合格、军事过硬、作风优良、纪律严明、保障有力”的军队建设总要求。,http://www.gov.cn/test/2009-10/09/content_1434334.htm,content_1434334.htm
362,1990,１２月２５日－３０日,１２月２５日－３０日　中共十三届七中全会召开，通过《中共中央关于制定国民经济和社会发展十年规划和“八五”计划的建议》。１９９１年４月９日，七届全国人大四次会议批准《国民经济和社会发展十年规划和“八五”计划纲要》。,http://www.gov.cn/test/2009-10/09/content_1434334.htm,content_1434334.htm
363,1991,３月６日,３月６日　国务院发出《关于批准国家高新技术产业开发区和有关政策规定的通知》，决定继１９８８年批准北京市新技术产业开发试验区之后，再批准２１个高新技术产业开发区为国家高新技术产业开发区。至２００９年８月初，我国共建成５６个国家级高新技术开发区。,http://www.gov.cn/test/2009-10/09/content_1434362.htm,content_1434362.htm
364,1991,６月２６日,６月２６日　国务院作出《关于企业职工养老保险制度改革的决定》，确定改革养老保险完全由国家、企业包下来的办法，逐步建立起基本养老保险、企业补充养老保险和职工个人储蓄性养老保险相结合的制度。,http://www.gov.cn/test/2009-10/09/content_1434362.htm,content_1434362.htm
365,1991,７月１日,７月１日　中共中央举行庆祝中国共产党成立７０周年大会，江泽民发表讲话，阐述了建设有中国特色社会主义的经济、政治、文化的基本特征和主要内容。,http://www.gov.cn/test/2009-10/09/content_1434362.htm,content_1434362.htm
366,1991,１１月２５日－２９日,１１月２５日－２９日　中共十三届八中全会召开，通过《中共中央关于进一步加强农业和农村工作的决定》，强调稳定和完善党在农村的基本政策，继续深化农村改革。,http://www.gov.cn/test/2009-10/09/content_1434362.htm,content_1434362.htm
367,1991,１２月１５日,１２月１５日　秦山核电站并网发电。这是新中国第一座自行设计建造的３０万千瓦的核电站。,http://www.gov.cn/test/2009-10/09/content_1434362.htm,content_1434362.htm
368,1991,１２月１６日,１２月１６日　海峡两岸关系协会成立。汪道涵任会长，荣毅仁任名誉会长。１９９２年，海峡两岸关系协会与台湾方面的海峡交流基金会在两岸事务性商谈中就表述坚持一个中国原则达成共识，后被称为“九二共识”。,http://www.gov.cn/test/2009-10/09/content_1434362.htm,content_1434362.htm
369,1992,１月１４日－１８日,１月１４日－１８日　中央民族工作会议召开，江泽民发表讲话，强调加快发展少数民族和民族地区的经济文化等各项事业，促进各民族的共同繁荣。,http://www.gov.cn/test/2009-10/09/content_1434364.htm,content_1434364.htm
370,1992,１月１８日－２月２１日,１月１８日－２月２１日　邓小平视察武昌、深圳、珠海、上海等地并发表谈话，精辟分析了国际国内形势，科学总结了十一届三中全会以来党的基本实践和基本经验，明确回答了长期困扰和束缚人们思想的许多重大认识问题。这次谈话是把改革开放和现代化建设推向新阶段的又一个解放思想、实事求是的宣言书。,http://www.gov.cn/test/2009-10/09/content_1434364.htm,content_1434364.htm
371,1992,３月８日,３月８日　国务院颁布《国家中长期科学技术发展纲领》。,http://www.gov.cn/test/2009-10/09/content_1434364.htm,content_1434364.htm
372,1992,５月１６日,５月１６日　中共中央政治局会议通过《中共中央关于加快改革，扩大开放，力争经济更好更快地上一个新台阶的意见》。,http://www.gov.cn/test/2009-10/09/content_1434364.htm,content_1434364.htm
373,1992,５月２０日,５月２０日　中共中央宣传部颁发“五个一工程”组织工作奖和入选作品奖。“五个一工程”即：一本好书、一台好戏、一部优秀影片、一部优秀电视剧（片）、一篇或几篇有创见有说服力的文章。,http://www.gov.cn/test/2009-10/09/content_1434364.htm,content_1434364.htm
374,1992,６月９日,６月９日　江泽民在中央党校省部级干部进修班上讲话，针对建立什么样的经济体制问题，明确表示倾向于使用“社会主义市场经济体制”的提法。,http://www.gov.cn/test/2009-10/09/content_1434364.htm,content_1434364.htm
375,1992,７月２５日－８月９日,７月２５日－８月９日　中国体育代表团在西班牙巴塞罗那举行的第二十五届奥运会上获得１６枚金牌、２２枚银牌、１６枚铜牌，金牌总数和奖牌总数列第四位。,http://www.gov.cn/test/2009-10/09/content_1434364.htm,content_1434364.htm
376,1992,１０月１２日－１８日,１０月１２日－１８日　中国共产党第十四次全国代表大会举行。江泽民代表第十三届中央委员会作《加快改革开放和现代化建设步伐，夺取有中国特色社会主义事业的更大胜利》的报告。大会总结了十一届三中全会以来１４年的实践经验，决定抓住机遇，加快发展，集中精力把经济建设搞上去；明确我国经济体制改革的目标是建立社会主义市场经济体制；确立邓小平建设有中国特色社会主义理论在全党的指导地位。大会通过《中国共产党章程（修正案）》，将建设有中国特色社会主义理论和党的基本路线写进党章。大会决定不再设立中央顾问委员会。１９日，中共十四届一中全会选举江泽民、李鹏、乔石、李瑞环、朱镕基、刘华清、胡锦涛为中央政治局常委，江泽民为中央委员会总书记，决定江泽民为中央军事委员会主席，批准尉健行为中央纪律检查委员会书记。,http://www.gov.cn/test/2009-10/09/content_1434364.htm,content_1434364.htm
377,1992,１２月１日,１２月１日　新亚欧大陆桥（江苏连云港至荷兰鹿特丹铁路线）开通运营，全程１．０８万公里。,http://www.gov.cn/test/2009-10/09/content_1434364.htm,content_1434364.htm
378,1993,１月１３日－１９日,１月１３日－１９日　中央军委扩大会议制定新时期积极防御的军事战略方针，要求把军事斗争准备的基点放在打赢现代技术特别是高技术条件下的局部战争上。,http://www.gov.cn/test/2009-10/09/content_1434365.htm,content_1434365.htm
379,1993,３月１４日－２７日,３月１４日－２７日　全国政协八届一次会议举行，选举李瑞环为全国政协主席。,http://www.gov.cn/test/2009-10/09/content_1434365.htm,content_1434365.htm
380,1993,３月１５日－３１日,３月１５日－３１日　八届全国人大一次会议举行。会议通过的《中华人民共和国宪法修正案》肯定我国正处于社会主义初级阶段；国家实行社会主义市场经济。会议通过《关于设立中华人民共和国澳门特别行政区的决定》、《中华人民共和国澳门特别行政区基本法》等。会议选举江泽民为国家主席、国家中央军委主席，荣毅仁为国家副主席，乔石为全国人大常委会委员长，决定李鹏为国务院总理。,http://www.gov.cn/test/2009-10/09/content_1434365.htm,content_1434365.htm
381,1993,４月２７日－２９日,４月２７日－２９日　海峡两岸关系协会会长汪道涵和台湾海峡交流基金会董事长辜振甫在新加坡举行会谈，双方签订《汪辜会谈共同协议》等四项协议。,http://www.gov.cn/test/2009-10/09/content_1434365.htm,content_1434365.htm
382,1993,７月１日,７月１日　国家教委发出《关于重点建设一批高等学校和重点学科点的若干意见》，提出面向２１世纪重点建设１００所大学和一批重点学科点的计划，即“２１１工程”。,http://www.gov.cn/test/2009-10/09/content_1434365.htm,content_1434365.htm
383,1993,８月１２日,８月１２日　《中国大百科全书》除索引卷外，全部出齐。全书编撰历时１５年，共７４卷，覆盖６６个学科，收入７７８５９个条目，约１２５６８万字。,http://www.gov.cn/test/2009-10/09/content_1434365.htm,content_1434365.htm
384,1993,１１月２日,１１月２日　《邓小平文选》第三卷出版。同日，中共中央作出《关于学习〈邓小平文选〉第三卷的决定》。１９９４年１１月２日，《邓小平文选（１９３８－１９６５年）》和《邓小平文选（１９７５－１９８２年）》，经增补和修订，改称《邓小平文选》第一卷、第二卷，由人民出版社出版第二版。,http://www.gov.cn/test/2009-10/09/content_1434365.htm,content_1434365.htm
385,1993,１１月３日－７日,１１月３日－７日　全国统战工作会议召开，江泽民讲话，强调要继续巩固和发展社会主义的民族关系，坚持和完善民族区域自治制度，加快民族地区的经济发展和社会进步；要全面、正确地贯彻执行党的宗教政策，依法加强对宗教事务的管理，积极引导宗教与社会主义社会相适应。,http://www.gov.cn/test/2009-10/09/content_1434365.htm,content_1434365.htm
386,1993,１１月５日,１１月５日　中共中央、国务院印发《关于当前农业和农村经济发展的若干政策措施》，指出以家庭联产承包为主的责任制和统分结合的双层经营体制，是我国农村经济的一项基本制度，要长期稳定，并不断完善。原定的耕地承包期到期之后，再延长３０年不变。,http://www.gov.cn/test/2009-10/09/content_1434365.htm,content_1434365.htm
387,1993,１１月１１日－１４日,１１月１１日－１４日　中共十四届三中全会召开，通过《中共中央关于建立社会主义市场经济体制若干问题的决定》，勾画了社会主义市场经济体制的基本框架。,http://www.gov.cn/test/2009-10/09/content_1434365.htm,content_1434365.htm
388,1993,１２月１５日,１２月１５日　国务院作出《关于实行分税制财政管理体制的决定》，确定从１９９４年１月１日起改革地方财政包干体制，对各省、自治区、直辖市以及计划单列市实行分税制财政管理体制。,http://www.gov.cn/test/2009-10/09/content_1434365.htm,content_1434365.htm
389,1993,１２月２５日,１２月２５日　国务院作出《关于金融体制改革的决定》，提出我国金融体制改革的目标是：建立在国务院领导下，独立执行货币政策的中央银行宏观调控体系；建立政策性金融与商业性金融分离，以国有商业银行为主体、多种金融机构并存的金融组织体系；建立统一开放、有序竞争、严格管理的金融市场体系。,http://www.gov.cn/test/2009-10/09/content_1434365.htm,content_1434365.htm
390,1993,１２月２６日,１２月２６日　毛泽东诞辰一百周年纪念大会举行。江泽民发表讲话，高度评价毛泽东思想的重要地位和指导意义。,http://www.gov.cn/test/2009-10/09/content_1434365.htm,content_1434365.htm
391,1994,１月１１日,１月１１日　国务院作出《关于进一步深化对外贸易体制改革的决定》，提出我国外贸体制改革的目标是：统一政策、放开经营、平等竞争、自负盈亏、工贸结合、推行代理制，建立适应国际经济通行规则的运行机制。,http://www.gov.cn/test/2009-10/09/content_1434366.htm,content_1434366.htm
392,1994,２月１日,２月１日　广东大亚湾核电站一号机组投入商业运行。１９９６年１２月１７日，大亚湾核电站两台百万千瓦级核电机组通过国家验收。,http://www.gov.cn/test/2009-10/09/content_1434366.htm,content_1434366.htm
393,1994,２月３日,２月３日　国务院发布《关于职工工作时间的规定》，修改职工工作时间为平均每周４４小时，自１９９５年５月１日起调整为平均每周４０小时。,http://www.gov.cn/test/2009-10/09/content_1434366.htm,content_1434366.htm
394,1994,２月２８日－３月３日,２月２８日－３月３日　国务院召开全国扶贫开发工作会议，部署实施“国家八七扶贫攻坚计划”，要求力争到２０世纪末最后的七年内基本解决全国８０００万贫困人口的温饱问题。,http://www.gov.cn/test/2009-10/09/content_1434366.htm,content_1434366.htm
395,1994,３月２５日,３月２５日　国务院常务会议通过《中国２１世纪议程（草案）》，确定实施可持续发展战略。,http://www.gov.cn/test/2009-10/09/content_1434366.htm,content_1434366.htm
396,1994,６月３日,６月３日　中国工程院成立。,http://www.gov.cn/test/2009-10/09/content_1434366.htm,content_1434366.htm
397,1994,９月２５日－２８日,９月２５日－２８日　中共十四届四中全会召开，通过《中共中央关于加强党的建设几个重大问题的决定》，把党的建设提到新的伟大工程的高度，明确了党的建设的总目标和总任务。,http://www.gov.cn/test/2009-10/09/content_1434366.htm,content_1434366.htm
398,1994,１１月２日－４日,１１月２日－４日　国务院召开全国建立现代企业制度试点工作会议，确定在百家企业进行试点。,http://www.gov.cn/test/2009-10/09/content_1434366.htm,content_1434366.htm
399,1995,１月３０日,１月３０日　江泽民在中共中央台湾工作办公室等单位举办的新春茶话会上，就发展两岸关系推进祖国和平统一进程提出八项主张。,http://www.gov.cn/test/2009-10/09/content_1434367.htm,content_1434367.htm
400,1995,５月６日,５月６日　中共中央、国务院作出《关于加速科学技术进步的决定》，提出实施科教兴国战略。５月２６日至３０日，中共中央、国务院召开全国科学技术大会。,http://www.gov.cn/test/2009-10/09/content_1434367.htm,content_1434367.htm
401,1995,同日,同日　中国北极科学考察队到达北极点，把五星红旗插到北极点上。,http://www.gov.cn/test/2009-10/09/content_1434367.htm,content_1434367.htm
402,1995,９月４日－１５日,９月４日－１５日　联合国第四次世界妇女大会在北京举行。会议通过《北京宣言》和《行动纲领》。,http://www.gov.cn/test/2009-10/09/content_1434367.htm,content_1434367.htm
403,1995,９月２５日－２８日,９月２５日－２８日　中共十四届五中全会召开，通过《中共中央关于制定国民经济和社会发展“九五”计划和２０１０年远景目标的建议》，提出要实行经济体制从传统的计划经济体制向社会主义市场经济体制转变、经济增长方式从粗放型向集约型转变这两个具有全局意义的根本性转变。２８日，江泽民发表讲话，强调要正确处理社会主义现代化建设中的１２个重大关系。,http://www.gov.cn/test/2009-10/09/content_1434367.htm,content_1434367.htm
404,1995,１１月１６日,１１月１６日　京九铁路全线铺通。京九铁路北起北京，南至深圳，连接香港九龙，总长２５３６公里。,http://www.gov.cn/test/2009-10/09/content_1434367.htm,content_1434367.htm
405,1995,１１月２９日,１１月２９日　第十世班禅转世灵童经金瓶掣签认定，国务院特准坚赞诺布继任第十一世班禅额尔德尼。,http://www.gov.cn/test/2009-10/09/content_1434367.htm,content_1434367.htm
406,1996,３月５日－１７日,３月５日－１７日　八届全国人大四次会议召开，批准《国民经济和社会发展“九五”计划和２０１０年远景目标纲要》。,http://www.gov.cn/test/2009-10/09/content_1434368.htm,content_1434368.htm
407,1996,４月２５日,４月２５日　江泽民与来访的俄罗斯总统叶利钦在北京签署中俄联合声明，宣布两国发展平等信任的、面向２１世纪的战略协作伙伴关系。,http://www.gov.cn/test/2009-10/09/content_1434368.htm,content_1434368.htm
408,1996,７月１９日－８月４日,７月１９日－８月４日　中国体育代表团在美国亚特兰大举行的第二十六届奥运会上获得１６枚金牌、２２枚银牌和１２枚铜牌，金牌数和奖牌总数均列第四位。,http://www.gov.cn/test/2009-10/09/content_1434368.htm,content_1434368.htm
409,1996,１０月７日－１０日,１０月７日－１０日　中共十四届六中全会召开，通过《中共中央关于加强社会主义精神文明建设若干重要问题的决议》。,http://www.gov.cn/test/2009-10/09/content_1434368.htm,content_1434368.htm
410,1996,１２月９日－１２日,１２月９日－１２日　全国卫生工作会议召开，总结新中国成立以来特别是改革开放以来卫生工作的成绩和经验，明确了新时期卫生工作的奋斗目标和工作方针。,http://www.gov.cn/test/2009-10/09/content_1434368.htm,content_1434368.htm
411,1997,２月１９日,２月１９日　邓小平逝世。２月２５日，中共中央、全国人大常委会、国务院、全国政协、中央军委在北京人民大会堂隆重举行追悼大会。,http://www.gov.cn/test/2009-10/09/content_1434371.htm,content_1434371.htm
412,1997,３月１８日,３月１８日　南昆铁路（南宁至昆明）全线铺通，全长８９８公里。,http://www.gov.cn/test/2009-10/09/content_1434371.htm,content_1434371.htm
413,1997,５月２９日,５月２９日　江泽民在中央党校省部级干部进修班毕业典礼上发表讲话，强调要高举邓小平建设有中国特色社会主义理论伟大旗帜。,http://www.gov.cn/test/2009-10/09/content_1434371.htm,content_1434371.htm
414,1997,６月４日,６月４日　国家科技领导小组第三次会议决定制定和实施《国家重点基础研究发展规划》。随后，科技部组织实施国家重点基础研究发展计划（又称“九七三计划”）。,http://www.gov.cn/test/2009-10/09/content_1434371.htm,content_1434371.htm
415,1997,６月１８日,６月１８日　重庆直辖市正式成立。,http://www.gov.cn/test/2009-10/09/content_1434371.htm,content_1434371.htm
416,1997,６月３０日午夜至７月１日凌晨,６月３０日午夜至７月１日凌晨　中英两国政府香港政权交接仪式在香港举行，宣告中国政府对香港恢复行使主权，中华人民共和国香港特别行政区成立。中国国家主席江泽民、国务院总理李鹏和英国王子查尔斯、首相布莱尔等出席仪式。,http://www.gov.cn/test/2009-10/09/content_1434371.htm,content_1434371.htm
417,1997,７月２９日,７月２９日　我国第一个国家级农业示范区——杨凌农业高新技术产业示范区在陕西成立。,http://www.gov.cn/test/2009-10/09/content_1434371.htm,content_1434371.htm
418,1997,９月２日,９月２日　国务院发出《关于在全国建立城市居民最低生活保障制度的通知》，要求１９９９年底以前，在全国建立城市居民最低生活保障制度。,http://www.gov.cn/test/2009-10/09/content_1434371.htm,content_1434371.htm
419,1997,９月１２日－１８日,９月１２日－１８日　中国共产党第十五次全国代表大会举行。江泽民代表第十四届中央委员会作《高举邓小平理论伟大旗帜，把建设有中国特色社会主义事业全面推向二十一世纪》的报告。大会着重阐述了邓小平理论的历史地位和指导意义；提出党在社会主义初级阶段的基本纲领；强调依法治国，建设社会主义法治国家。大会通过关于《中国共产党章程修正案》的决议，把邓小平理论确立为党的指导思想。１９日，中共十五届一中全会选举江泽民、李鹏、朱镕基、李瑞环、胡锦涛、尉健行、李岚清为中央政治局常委，江泽民为中央委员会总书记，决定江泽民为中央军事委员会主席，批准尉健行为中央纪律检查委员会书记。,http://www.gov.cn/test/2009-10/09/content_1434371.htm,content_1434371.htm
420,1997,９月１２日,９月１２日　江泽民在中共十五大报告中提出，中国在８０年代裁减军队员额１００万的基础上，将在今后三年再裁减军队员额５０万。,http://www.gov.cn/test/2009-10/09/content_1434371.htm,content_1434371.htm
421,1997,１０月２８日,１０月２８日　黄河小浪底水利枢纽工程成功实现截流。,http://www.gov.cn/test/2009-10/09/content_1434371.htm,content_1434371.htm
422,1997,１２月１６日,１２月１６日　江泽民与东盟国家首脑在马来西亚首都吉隆坡签署联合声明，确定中国与东盟建立面向２１世纪的睦邻互信伙伴关系。,http://www.gov.cn/test/2009-10/09/content_1434371.htm,content_1434371.htm
423,1998,３月３日－１４日,３月３日－１４日　全国政协九届一次会议举行，选举李瑞环为全国政协主席。,http://www.gov.cn/test/2009-10/09/content_1434372.htm,content_1434372.htm
424,1998,３月５日－１９日,３月５日－１９日　九届全国人大一次会议举行，批准国务院机构改革方案，决定调整和减少专业经济部门，加强宏观调控和执法监管部门，国务院部委从４０个减少到２９个。会议选举江泽民为国家主席、国家中央军委主席，胡锦涛为国家副主席，李鹏为全国人大常委会委员长，决定朱镕基为国务院总理。,http://www.gov.cn/test/2009-10/09/content_1434372.htm,content_1434372.htm
425,1998,４月２日,４月２日　中欧领导人举行首次会晤并签署联合声明，决定建立面向２１世纪的长期稳定的建设性伙伴关系。,http://www.gov.cn/test/2009-10/09/content_1434372.htm,content_1434372.htm
426,1998,４月３日,４月３日　中央军委决定组建中国人民解放军总装备部。,http://www.gov.cn/test/2009-10/09/content_1434372.htm,content_1434372.htm
427,1998,５月１０日,５月１０日　国务院作出《关于进一步深化粮食流通体制改革的决定》，提出继续实行按保护价敞开收购农民余粮、粮食收储企业实行顺价销售、粮食收购资金封闭运行的三项政策。,http://www.gov.cn/test/2009-10/09/content_1434372.htm,content_1434372.htm
428,1998,６月９日,６月９日　中共中央、国务院发出《关于切实做好国有企业下岗职工基本生活保障和再就业工作的通知》，提出当前和今后一个时期，主要解决国有企业下岗职工基本生活保障和再就业问题；争取用五年左右的时间，初步建立起适应社会主义市场经济体制要求的社会保障体系和就业机制。,http://www.gov.cn/test/2009-10/09/content_1434372.htm,content_1434372.htm
429,1998,６月２４日,６月２４日　中共中央发出《关于在全党深入学习邓小平理论的通知》。,http://www.gov.cn/test/2009-10/09/content_1434372.htm,content_1434372.htm
430,1998,６月中旬－９月上旬,６月中旬－９月上旬　我国南方特别是长江流域及北方的嫩江、松花江流域出现历史上罕见的特大洪灾。在中共中央、国务院、中央军委的领导下，全党全军全国人民团结奋战，取得了抗洪抢险斗争的全面胜利。,http://www.gov.cn/test/2009-10/09/content_1434372.htm,content_1434372.htm
431,1998,７月３日,７月３日　国务院发出《关于进一步深化城镇住房制度改革加快住房建设的通知》，提出从１９９８年下半年开始，全国城镇停止住房实物分配，逐步实行住房分配货币化。,http://www.gov.cn/test/2009-10/09/content_1434372.htm,content_1434372.htm
432,1998,７月２２日,７月２２日　国务院批转公安部《关于解决当前户口管理工作中几个突出问题的意见》，确定婴儿落户随父随母自愿，并放宽解决夫妻分居问题的户口政策。,http://www.gov.cn/test/2009-10/09/content_1434372.htm,content_1434372.htm
433,1998,７月２８日,７月２８日　中央纪委、中央政法委召开贯彻中央关于军队、武警部队和政法机关不再从事经商活动决定的电视电话会议。,http://www.gov.cn/test/2009-10/09/content_1434372.htm,content_1434372.htm
434,1998,１０月５日,１０月５日　中国签署《公民权利和政治权利国际公约》。,http://www.gov.cn/test/2009-10/09/content_1434372.htm,content_1434372.htm
435,1998,１０月１２日－１４日,１０月１２日－１４日　中共十五届三中全会召开，通过《中共中央关于农业和农村工作若干重大问题的决定》，强调必须长期坚持以公有制为主体、多种所有制经济共同发展的基本经济制度，以家庭承包经营为基础、统分结合的经营制度，以劳动所得为主和按生产要素分配相结合的分配制度。,http://www.gov.cn/test/2009-10/09/content_1434372.htm,content_1434372.htm
436,1998,１１月２１日,１１月２１日　中共中央发出《关于在县级以上党政领导班子、领导干部中深入开展以“讲学习、讲政治、讲正气”为主要内容的党性党风教育的意见》。“三讲”教育由此开始，到２０００年底基本结束。,http://www.gov.cn/test/2009-10/09/content_1434372.htm,content_1434372.htm
437,1998,１２月１８日,１２月１８日　纪念党的十一届三中全会召开２０周年大会举行。江泽民发表讲话，高度评价十一届三中全会的伟大历史意义，全面阐述２０年来建设中国特色社会主义事业取得的巨大成就和主要经验。,http://www.gov.cn/test/2009-10/09/content_1434372.htm,content_1434372.htm
438,1999,３月１３日,３月１３日　中央人口资源环境工作座谈会召开，江泽民讲话指出，控制人口增长，保护自然资源，保持良好的生态环境，这是根据我国国情和长远发展的战略目标而确定的基本国策。,http://www.gov.cn/test/2009-10/09/content_1434373.htm,content_1434373.htm
439,1999,６月１３日,６月１３日　中共中央、国务院作出《关于深化教育改革全面推进素质教育的决定》，提出全面推进素质教育，培养适应２１世纪现代化建设需要的社会主义新人。,http://www.gov.cn/test/2009-10/09/content_1434373.htm,content_1434373.htm
440,1999,６月１７日,６月１７日　江泽民在西安主持召开国有企业改革和发展座谈会时指出，实施西部大开发，是一项振兴中华的宏伟战略任务。２０００年１月１６日，国务院下发《关于成立国务院西部地区开发领导小组的决定》。１０月２６日，国务院下发《关于实施西部大开发若干政策措施的通知》，提出增加资金投入、改善投资环境、扩大对外对内开放、吸引人才和发展科技教育等方面的政策。,http://www.gov.cn/test/2009-10/09/content_1434373.htm,content_1434373.htm
441,1999,８月２０日,８月２０日　中共中央、国务院下发《关于加强技术创新，发展高科技，实现产业化的决定》。２３日至２６日，中共中央、国务院召开全国技术创新大会。,http://www.gov.cn/test/2009-10/09/content_1434373.htm,content_1434373.htm
442,1999,９月１８日,９月１８日　中共中央、国务院、中央军委举行大会，隆重表彰为研制“两弹一星”作出突出贡献的科技专家。,http://www.gov.cn/test/2009-10/09/content_1434373.htm,content_1434373.htm
443,1999,９月１９日－２２日,９月１９日－２２日　中共十五届四中全会召开，通过《中共中央关于国有企业改革和发展若干重大问题的决定》，指出要从战略上调整国有经济布局，推进国有企业战略性改组，建立和完善现代企业制度，加强和改善企业管理，提高国有经济的控制力，使国有经济在关系国民经济命脉的重要行业和关键领域占支配地位。全会决定增补胡锦涛为中央军委副主席。,http://www.gov.cn/test/2009-10/09/content_1434373.htm,content_1434373.htm
444,1999,１０月１日,１０月１日　首都举行庆祝中华人民共和国成立５０周年的阅兵仪式和群众游行。江泽民检阅受阅部队。,http://www.gov.cn/test/2009-10/09/content_1434373.htm,content_1434373.htm
445,1999,１１月２０日,１１月２０日　我国第一艘载人航天试验飞船神舟号发射成功。,http://www.gov.cn/test/2009-10/09/content_1434373.htm,content_1434373.htm
446,1999,１２月１９日午夜至２０日凌晨,１２月１９日午夜至２０日凌晨　中葡两国政府举行澳门政权交接仪式，宣告中国政府对澳门恢复行使主权，中华人民共和国澳门特别行政区成立。中国国家主席江泽民、国务院总理朱镕基和葡萄牙总统桑帕约、总理古特雷斯等出席仪式。,http://www.gov.cn/test/2009-10/09/content_1434373.htm,content_1434373.htm
447,1999,年底,年底　全国基本普及九年义务教育、基本扫除青壮年文盲的县（市、区）累计达２４３０个（含其他县级行政区划单位１４５个），人口覆盖率达８０％。,http://www.gov.cn/test/2009-10/09/content_1434373.htm,content_1434373.htm
448,2000,２月２０日－２５日,２月２０日－２５日　江泽民在广东考察工作时，提出代表中国先进生产力的发展要求、代表中国先进文化的前进方向、代表中国最广大人民的根本利益的“三个代表”重要思想。,http://www.gov.cn/test/2009-10/09/content_1434374.htm,content_1434374.htm
449,2000,３月２日,３月２日　中共中央、国务院发出《关于进行农村税费改革试点工作的通知》。,http://www.gov.cn/test/2009-10/09/content_1434374.htm,content_1434374.htm
450,2000,６月１３日,６月１３日　中共中央、国务院发出《关于促进小城镇健康发展的若干意见》。,http://www.gov.cn/test/2009-10/09/content_1434374.htm,content_1434374.htm
451,2000,９月１５日－１０月１日,９月１５日－１０月１日　中国体育代表团在澳大利亚悉尼举行的第二十七届奥运会上获得２８枚金牌、１６枚银牌和１５枚铜牌，名列金牌榜和奖牌榜第三名。,http://www.gov.cn/test/2009-10/09/content_1434374.htm,content_1434374.htm
452,2000,１０月９日－１１日,１０月９日－１１日　中共十五届五中全会召开，通过《中共中央关于制定国民经济和社会发展第十个五年计划的建议》，指出我国社会主义市场经济体制已经初步建立，人民生活总体上达到了小康水平；从新世纪开始，将进入全面建设小康社会、加快推进社会主义现代化的新的发展阶段。,http://www.gov.cn/test/2009-10/09/content_1434374.htm,content_1434374.htm
453,2000,１１月８日,１１月８日　贵州省洪家渡水电站、引子渡水电站、乌江渡水电站扩机工程同时开工建设，标志我国西电东送工程全面启动。,http://www.gov.cn/test/2009-10/09/content_1434374.htm,content_1434374.htm
454,2000,１１月９日,１１月９日　夏商周断代工程提出的新《夏商周年表》正式公布，把我国历史纪年由西周晚期的共和元年即公元前８４１年向前延伸了１２００多年。,http://www.gov.cn/test/2009-10/09/content_1434374.htm,content_1434374.htm
455,2000,１２月１８日,１２月１８日　京沪高速公路（北京至上海）全线贯通，全长１２６２公里。,http://www.gov.cn/test/2009-10/09/content_1434374.htm,content_1434374.htm
456,2000,１２月３０日,１２月３０日　国家统计局宣布，２０００年国内生产总值首次突破１万亿美元，国有大中型企业改革和三年脱困目标基本实现。,http://www.gov.cn/test/2009-10/09/content_1434374.htm,content_1434374.htm
457,2001,２月１９日,２月１９日　中共中央、国务院举行国家科学技术奖励大会，授予吴文俊、袁隆平２０００年度国家最高科学技术奖。根据中共中央、国务院的决定，自２０００年起设立国家最高科学技术奖。,http://www.gov.cn/test/2009-10/09/content_1434383.htm,content_1434383.htm
458,2001,５月１４日－２０日,５月１４日－２０日　首届“科技活动周”在北京举行。经国务院批准，自２００１年起，每年５月份的第三周，在全国开展群众性的“科技活动周”活动。,http://www.gov.cn/test/2009-10/09/content_1434383.htm,content_1434383.htm
459,2001,５月２４日－２５日,５月２４日－２５日　中央扶贫开发工作会议召开，指出在２０世纪末基本解决农村贫困人口温饱问题的战略目标已基本实现。６月１３日，国务院印发《中国农村扶贫开发纲要（２００１－２０１０年）》。,http://www.gov.cn/test/2009-10/09/content_1434383.htm,content_1434383.htm
460,2001,６月１５日,６月１５日　上海合作组织成员国元首会议在上海举行。中国、俄罗斯、哈萨克斯坦、吉尔吉斯斯坦、塔吉克斯坦、乌兹别克斯坦六国元首共同签署《上海合作组织成立宣言》。,http://www.gov.cn/test/2009-10/09/content_1434383.htm,content_1434383.htm
461,2001,７月１日,７月１日　中共中央举行庆祝中国共产党成立８０周年大会。江泽民发表讲话，系统总结党８０年来的奋斗业绩和基本经验，全面阐述“三个代表”重要思想的科学内涵。,http://www.gov.cn/test/2009-10/09/content_1434383.htm,content_1434383.htm
462,2001,９月２０日,９月２０日　中共中央印发《公民道德建设实施纲要》，提出要在全社会大力提倡“爱国守法、明礼诚信、团结友善、勤俭自强、敬业奉献”的基本道德规范。,http://www.gov.cn/test/2009-10/09/content_1434383.htm,content_1434383.htm
463,2001,９月２４日－２６日,９月２４日－２６日　中共十五届六中全会召开，通过《中共中央关于加强和改进党的作风建设的决定》，提出作风建设“八个坚持、八个反对”的要求。,http://www.gov.cn/test/2009-10/09/content_1434383.htm,content_1434383.htm
464,2001,１１月１０日,１１月１０日　在卡塔尔首都多哈举行的世界贸易组织第四届部长级会议通过中国加入世界贸易组织的决定。１２月１１日，中国正式成为世贸组织成员，标志着中国对外开放进入新的阶段。,http://www.gov.cn/test/2009-10/09/content_1434383.htm,content_1434383.htm
465,2002,１月１０日,１月１０日　国务院西部开发办公室召开退耕还林工作电视电话会议，确定全面启动退耕还林工程。４月１１日，国务院发出《关于进一步完善退耕还林政策措施的若干意见》。,http://www.gov.cn/test/2009-10/09/content_1434404.htm,content_1434404.htm
466,2002,２月８日－２４日,２月８日－２４日　中国体育代表团在美国盐湖城举行的第十九届冬季奥运会上以２枚金牌、２枚银牌、４枚铜牌的成绩名列奖牌榜第十三位，实现了冬奥会金牌零的突破。,http://www.gov.cn/test/2009-10/09/content_1434404.htm,content_1434404.htm
467,2002,４月１２日－１３日,４月１２日－１３日　博鳌亚洲论坛首届年会在海南省举行。,http://www.gov.cn/test/2009-10/09/content_1434404.htm,content_1434404.htm
468,2002,５月３１日,５月３１日　江泽民在中央党校省部级干部进修班毕业典礼上讲话，强调“三个代表”是我们党的立党之本、执政之基、力量之源。贯彻“三个代表”要求，关键在坚持与时俱进，核心在保持党的先进性，本质在坚持执政为民。,http://www.gov.cn/test/2009-10/09/content_1434404.htm,content_1434404.htm
469,2002,７月１９日,７月１９日　民政部宣布，中国１９３０．８万符合低保条件的城市困难居民已被全部纳入最低生活保障体系，初步实现了应保尽保目标。,http://www.gov.cn/test/2009-10/09/content_1434404.htm,content_1434404.htm
470,2002,８月２４日,８月２４日　国务院作出《关于大力推进职业教育改革与发展的决定》。,http://www.gov.cn/test/2009-10/09/content_1434404.htm,content_1434404.htm
471,2002,１０月１９日,１０月１９日　中共中央、国务院发出《关于进一步加强农村卫生工作的决定》，提出到２０１０年，在全国农村基本建立起适应社会主义市场经济体制要求和农村经济社会发展水平的农村卫生服务体系和农村合作医疗制度。,http://www.gov.cn/test/2009-10/09/content_1434404.htm,content_1434404.htm
472,2002,１１月４日,１１月４日　中国和东盟在柬埔寨首都金边签署《中国与东盟全面经济合作框架协议》，决定到２０１０年建成中国－东盟自由贸易区。,http://www.gov.cn/test/2009-10/09/content_1434404.htm,content_1434404.htm
473,2002,１１月８日－１４日,１１月８日－１４日　中国共产党第十六次全国代表大会举行。江泽民代表第十五届中央委员会作《全面建设小康社会，开创中国特色社会主义事业新局面》的报告。大会总结过去５年的工作和１３年的基本经验，阐述全面贯彻“三个代表”重要思想的根本要求，提出全面建设小康社会的奋斗目标。大会通过关于《中国共产党章程（修正案）》的决议，把“三个代表”重要思想确立为党必须长期坚持的指导思想。１５日，十六届一中全会选举胡锦涛、吴邦国、温家宝、贾庆林、曾庆红、黄菊、吴官正、李长春、罗干为中央政治局常委，胡锦涛为中央委员会总书记，决定江泽民为中央军事委员会主席，批准吴官正为中央纪律检查委员会书记。,http://www.gov.cn/test/2009-10/09/content_1434404.htm,content_1434404.htm
474,2002,１２月３日,１２月３日　在摩纳哥蒙特卡洛举行的国际展览局第一百三十二次成员国大会上，上海获得２０１０年世界博览会的举办权。,http://www.gov.cn/test/2009-10/09/content_1434404.htm,content_1434404.htm
475,2002,１２月５日－６日,１２月５日－６日　胡锦涛带领中共中央书记处成员到河北省平山县西柏坡学习考察，重温毛泽东关于“两个务必”的重要论述，要求全党同志特别是领导干部做到权为民所用，情为民所系，利为民所谋。,http://www.gov.cn/test/2009-10/09/content_1434404.htm,content_1434404.htm
476,2002,１２月２７日,１２月２７日　南水北调工程开工典礼在北京人民大会堂和江苏省、山东省施工现场同时举行。,http://www.gov.cn/test/2009-10/09/content_1434404.htm,content_1434404.htm
477,2003,１月７日－８日,１月７日－８日　中央农村工作会议召开。胡锦涛发表讲话指出，必须统筹城乡经济社会发展，把解决好农业、农村和农民问题作为全党工作的重中之重，放在更加突出的位置；要坚持“多予、少取、放活”的方针，发挥城市对农村带动作用，实现城乡经济社会一体化发展。１６日，中共中央、国务院发出《关于做好农业和农村工作的意见》。,http://www.gov.cn/test/2009-10/09/content_1434405.htm,content_1434405.htm
478,2003,３月３日－１４日,３月３日－１４日　全国政协十届一次会议举行，选举贾庆林为全国政协主席。,http://www.gov.cn/test/2009-10/09/content_1434405.htm,content_1434405.htm
479,2003,３月５日－１８日,３月５日－１８日　十届全国人大一次会议举行，选举胡锦涛为国家主席，江泽民为国家中央军委主席，吴邦国为全国人大常委会委员长，曾庆红为国家副主席，决定温家宝为国务院总理。,http://www.gov.cn/test/2009-10/09/content_1434405.htm,content_1434405.htm
480,2003,３月９日,３月９日　胡锦涛在中央人口资源环境工作座谈会上指出，要加快转变经济增长方式，将循环经济的发展理念贯穿到区域经济发展、城乡建设和产品生产之中，使资源得到最有效的利用。,http://www.gov.cn/test/2009-10/09/content_1434405.htm,content_1434405.htm
481,2003,春天,春天　我国遭遇一场非典型肺炎疫情重大灾害。面对突如其来的非典疫情的严峻考验，全党全国人民在中共中央、国务院的领导下，坚持一手抓防治非典，一手抓经济建设，夺取了防治非典工作的阶段性重大胜利。７月２８日，胡锦涛在全国防治非典工作会议上发表讲话，对防治非典工作取得的阶段性重大胜利进行总结。,http://www.gov.cn/test/2009-10/09/content_1434405.htm,content_1434405.htm
482,2003,４月１４日,４月１４日　胡锦涛在广东考察工作时提出要坚持全面的发展观。８月２８日至９月１日，胡锦涛在江西考察工作时明确使用“科学发展观”概念，提出要牢固树立协调发展、全面发展、可持续发展的科学发展观。,http://www.gov.cn/test/2009-10/09/content_1434405.htm,content_1434405.htm
483,2003,６月１５日,６月１５日　中共中央发出《关于在全党兴起学习贯彻“三个代表”重要思想新高潮的通知》。,http://www.gov.cn/test/2009-10/09/content_1434405.htm,content_1434405.htm
484,2003,９月,９月　中共中央、中央军委决定，在“九五”期间裁减军队员额５０万的基础上，２００５年前军队再裁减员额２０万。,http://www.gov.cn/test/2009-10/09/content_1434405.htm,content_1434405.htm
485,2003,１０月５日,１０月５日　中共中央、国务院发出《关于实施东北地区等老工业基地振兴战略的若干意见》。,http://www.gov.cn/test/2009-10/09/content_1434405.htm,content_1434405.htm
486,2003,１０月１１日－１４日,１０月１１日－１４日　中共十六届三中全会召开，通过《中共中央关于完善社会主义市场经济体制若干问题的决定》，提出坚持以人为本，树立全面、协调、可持续的发展观和“五个统筹”的思想，明确了完善社会主义市场经济体制的目标和主要任务。胡锦涛在会上发表讲话，明确提出和阐述科学发展观。,http://www.gov.cn/test/2009-10/09/content_1434405.htm,content_1434405.htm
487,2003,１０月１５日－１６日,１０月１５日－１６日　神舟五号载人飞船成功升空并安全着陆。中国成为世界上第三个独立掌握载人航天技术的国家。,http://www.gov.cn/test/2009-10/09/content_1434405.htm,content_1434405.htm
488,2003,１２月２６日,１２月２６日　中共中央、国务院发布《关于进一步加强人才工作的决定》，强调实施人才强国战略是党和国家一项重大而紧迫的任务。,http://www.gov.cn/test/2009-10/09/content_1434405.htm,content_1434405.htm
489,2003,１２月３１日,１２月３１日　中共中央、国务院发出《关于促进农民增加收入若干政策的意见》，决定２００４年降低农业税率１个百分点，取消除烟叶外的农业特产税，实行粮食直补、良种补贴和大型农机具购置补贴。,http://www.gov.cn/test/2009-10/09/content_1434405.htm,content_1434405.htm
490,2004,１月５日,１月５日　中共中央下发《关于进一步繁荣发展哲学社会科学的意见》，阐述繁荣发展哲学社会科学的重要性、指导方针和目标，对进一步开创哲学社会科学繁荣发展的新局面作出全面部署。,http://www.gov.cn/test/2009-10/09/content_1434407.htm,content_1434407.htm
491,2004,１月９日,１月９日　国务院作出《关于进一步加强安全生产工作的决定》。,http://www.gov.cn/test/2009-10/09/content_1434407.htm,content_1434407.htm
492,2004,３月１０日,３月１０日　胡锦涛在中央人口资源环境工作座谈会上发表讲话，全面阐述科学发展观的深刻内涵和本质要求。,http://www.gov.cn/test/2009-10/09/content_1434407.htm,content_1434407.htm
493,2004,３月２２日,３月２２日　国务院印发《全面推进依法行政实施纲要》，要求经过十年左右坚持不懈的努力，基本实现建设法治政府的目标。,http://www.gov.cn/test/2009-10/09/content_1434407.htm,content_1434407.htm
494,2004,４月２７日－２８日,４月２７日－２８日　中央实施马克思主义理论研究和建设工程工作会议召开。,http://www.gov.cn/test/2009-10/09/content_1434407.htm,content_1434407.htm
495,2004,８月１３日－２９日,８月１３日－２９日　中国体育代表团在希腊雅典举行的第二十八届奥运会上获得３２枚金牌、１７枚银牌、１４枚铜牌，金牌数列第二位、奖牌总数列第三位。,http://www.gov.cn/test/2009-10/09/content_1434407.htm,content_1434407.htm
496,2004,８月２２日,８月２２日　邓小平诞辰一百周年纪念大会举行。胡锦涛发表讲话，全面阐述邓小平理论和“三个代表”重要思想的指导意义。,http://www.gov.cn/test/2009-10/09/content_1434407.htm,content_1434407.htm
497,2004,９月１日,９月１日　国务院作出《关于进一步加强食品安全工作的决定》。,http://www.gov.cn/test/2009-10/09/content_1434407.htm,content_1434407.htm
498,2004,９月１６日－１９日,９月１６日－１９日　中共十六届四中全会召开，通过《中共中央关于加强党的执政能力建设的决定》，强调要不断提高驾驭社会主义市场经济的能力、发展社会主义民主政治的能力、建设社会主义先进文化的能力、构建社会主义和谐社会的能力、应对国际局势和处理国际事务的能力。全会同意江泽民辞去中央军委主席职务，决定胡锦涛为中央军委主席。,http://www.gov.cn/test/2009-10/09/content_1434407.htm,content_1434407.htm
499,2004,１１月７日,１１月７日　中共中央发出《关于在全党开展以实践“三个代表”重要思想为主要内容的保持共产党员先进性教育活动的意见》。先进性教育活动从２００５年１月开始，２００６年６月基本结束。,http://www.gov.cn/test/2009-10/09/content_1434407.htm,content_1434407.htm
500,2004,１１月８日,１１月８日　中共中央办公厅、国务院办公厅发出《关于进一步加强互联网管理工作的意见》。,http://www.gov.cn/test/2009-10/09/content_1434407.htm,content_1434407.htm
501,2004,１２月３０日,１２月３０日　西气东输工程（新疆轮南至上海）全线建成并正式运营。该工程全长约４０００公里，设计年输气量１２０亿立方米。,http://www.gov.cn/test/2009-10/09/content_1434407.htm,content_1434407.htm
502,2005,１月３日,１月３日　中共中央印发《建立健全教育、制度、监督并重的惩治和预防腐败体系实施纲要》，提出到２０１０年，建成惩治和预防腐败体系基本框架，再经过一段时间的努力，建立起思想道德教育的长效机制、反腐倡廉的制度体系、权力运行的监控机制，建成完善的惩治和预防腐败体系。,http://www.gov.cn/test/2009-10/09/content_1434411.htm,content_1434411.htm
503,2005,１月１４日,１月１４日　中共中央举行新时期保持共产党员先进性专题报告会。胡锦涛强调，先进性是马克思主义政党的根本特征，也是马克思主义政党的生命所系、力量所在。党的先进性建设是马克思主义政党自身建设的根本任务。,http://www.gov.cn/test/2009-10/09/content_1434411.htm,content_1434411.htm
504,2005,１月１８日,１月１８日　中国南极内陆冰盖昆仑科考队确认找到南极内陆冰盖的最高点，这是人类首次登上南极内陆冰盖最高点。,http://www.gov.cn/test/2009-10/09/content_1434411.htm,content_1434411.htm
505,2005,３月４日,３月４日　胡锦涛参加全国政协十届三次会议民革、台盟、台联界委员联组讨论，提出新形势下发展两岸关系的四点意见。,http://www.gov.cn/test/2009-10/09/content_1434411.htm,content_1434411.htm
506,2005,３月５日－１４日,３月５日－１４日　十届全国人大三次会议召开，通过《反分裂国家法》；选举胡锦涛为国家中央军委主席。,http://www.gov.cn/test/2009-10/09/content_1434411.htm,content_1434411.htm
507,2005,３月１３日,３月１３日　胡锦涛在十届全国人大三次会议解放军代表团全体会议上讲话，对我军的历史使命提出新要求：为中国共产党巩固执政地位提供重要的力量保证，为维护国家发展的重要战略机遇提供坚强的安全保障，为维护国家利益提供有力的战略支撑，为维护世界和平与促进共同发展发挥重要作用。,http://www.gov.cn/test/2009-10/09/content_1434411.htm,content_1434411.htm
508,2005,４月１７日,４月１７日　国务院印发《国家突发公共事件总体应急预案》。截至２００８年６月，我国共制定国家级应急预案１１６件。,http://www.gov.cn/test/2009-10/09/content_1434411.htm,content_1434411.htm
509,2005,４月２７日,４月２７日　十届全国人大常委会第十五次会议通过《中华人民共和国公务员法》。,http://www.gov.cn/test/2009-10/09/content_1434411.htm,content_1434411.htm
510,2005,４月２９日,４月２９日　胡锦涛在北京与中国国民党主席连战举行正式会谈。会后共同发布“两岸和平发展共同愿景”。５月１２日，胡锦涛与亲民党主席宋楚瑜举行正式会谈。７月１２日，胡锦涛会见新党主席郁慕明率领的大陆访问团。,http://www.gov.cn/test/2009-10/09/content_1434411.htm,content_1434411.htm
511,2005,６月２日,６月２日　中国和俄罗斯在符拉迪沃斯托克互换《中华人民共和国和俄罗斯联邦关于中俄国界东段的补充协定》批准书。,http://www.gov.cn/test/2009-10/09/content_1434411.htm,content_1434411.htm
512,2005,７月２１日,７月２１日　经国务院批准，我国开始实行以市场供求为基础、参考一篮子货币进行调节、有管理的浮动汇率制度。,http://www.gov.cn/test/2009-10/09/content_1434411.htm,content_1434411.htm
513,2005,８月１日,８月１日　中美首次战略对话在北京举行。截至２００８年１２月，中美共举行六次战略对话。２００９年７月２７日至２８日，首轮中美战略与经济对话在美国首都华盛顿举行。,http://www.gov.cn/test/2009-10/09/content_1434411.htm,content_1434411.htm
514,2005,９月１5日,９月１5日　胡锦涛出席联合国成立６０周年首脑会议，提出努力建设持久和平、共同繁荣的和谐世界。,http://www.gov.cn/test/2009-10/09/content_1434411.htm,content_1434411.htm
515,2005,１０月８日－１１日,１０月８日－１１日　中共十六届五中全会召开，通过《中共中央关于制定国民经济和社会发展第十一个五年规划的建议》。,http://www.gov.cn/test/2009-10/09/content_1434411.htm,content_1434411.htm
516,2005,１０月１２日－１７日,１０月１２日－１７日　载有两名航天员的神舟六号载人飞船成功发射并顺利着陆。,http://www.gov.cn/test/2009-10/09/content_1434411.htm,content_1434411.htm
517,2005,１２月２３日,１２月２３日　中共中央、国务院发出《关于深化文化体制改革的若干意见》，提出要形成科学有效的宏观文化管理体制，富有效率的文化生产和服务的微观运行机制，以公有制为主体、多种所有制共同发展的文化产业格局，统一、开放、竞争、有序的现代文化市场体系，完善的文化创新体系，以民族文化为主体、吸收外来有益文化，推动中华文化走向世界的文化开放格局。,http://www.gov.cn/test/2009-10/09/content_1434411.htm,content_1434411.htm
518,2005,１２月２９日,１２月２９日　十届全国人大常委会第十九次会议决定自２００６年１月１日起，废止一届全国人大常委会于１９５８年６月３日通过的《中华人民共和国农业税条例》。,http://www.gov.cn/test/2009-10/09/content_1434411.htm,content_1434411.htm
519,2005,１２月３１日,１２月３１日　中共中央、国务院发出《关于推进社会主义新农村建设的若干意见》，提出要按照“生产发展、生活宽裕、乡风文明、村容整洁、管理民主”的要求，协调推进农村各方面建设。,http://www.gov.cn/test/2009-10/09/content_1434411.htm,content_1434411.htm
520,2006,１月２６日,１月２６日　中共中央、国务院作出《关于实施科技规划纲要增强自主创新能力的决定》，提出全面提升国家竞争力，创新体制机制，走中国特色自主创新道路，为建设创新型国家而奋斗。,http://www.gov.cn/test/2009-10/09/content_1434412.htm,content_1434412.htm
521,2006,１月３１日,１月３１日　国务院发出《关于解决农民工问题的若干意见》，提出逐步建立城乡统一的劳动力市场和公平竞争的就业制度、保障农民工合法权益的政策体系和执法监督机制、惠及农民工的城乡公共服务体制和制度。,http://www.gov.cn/test/2009-10/09/content_1434412.htm,content_1434412.htm
522,2006,３月４日,３月４日　胡锦涛在参加全国政协十届四次会议民盟、民进联组讨论时提出，要引导广大干部群众特别是青少年树立以“八荣八耻”为主要内容的社会主义荣辱观。,http://www.gov.cn/test/2009-10/09/content_1434412.htm,content_1434412.htm
523,2006,３月５日－１４日,３月５日－１４日　十届全国人大四次会议召开，通过《关于国民经济和社会发展第十一个五年规划纲要的决议》。,http://www.gov.cn/test/2009-10/09/content_1434412.htm,content_1434412.htm
524,2006,４月１４日－１５日,４月１４日－１５日　两岸经贸论坛在北京举行。大陆宣布采取促进两岸交流合作、惠及台湾同胞的１５项政策措施。,http://www.gov.cn/test/2009-10/09/content_1434412.htm,content_1434412.htm
525,2006,４月１５日,４月１５日　中共中央、国务院发出《关于促进中部地区崛起的若干意见》，要求把中部地区建设成为重要的粮食生产基地、能源原材料基地、现代装备制造及高技术产业基地和综合交通运输枢纽，使中部地区在发挥承东启西和产业发展优势中崛起。,http://www.gov.cn/test/2009-10/09/content_1434412.htm,content_1434412.htm
526,2006,５月２０日,５月２０日　长江三峡大坝全线建成，全长２３０９米。,http://www.gov.cn/test/2009-10/09/content_1434412.htm,content_1434412.htm
527,2006,５月２６日,５月２６日　国务院发出《关于推进天津滨海新区开发开放有关问题的意见》，提出通过综合配套改革推进天津滨海新区的开发开放。,http://www.gov.cn/test/2009-10/09/content_1434412.htm,content_1434412.htm
528,2006,６月３０日,６月３０日　庆祝中国共产党成立８５周年暨总结保持共产党员先进性教育活动大会举行，胡锦涛发表讲话，系统阐述加强党的执政能力建设和先进性建设的思想。,http://www.gov.cn/test/2009-10/09/content_1434412.htm,content_1434412.htm
529,2006,７月１日,７月１日　青藏铁路全线建成通车。青藏铁路是世界上海拔最高、线路最长的高原铁路，全长１９５６公里。,http://www.gov.cn/test/2009-10/09/content_1434412.htm,content_1434412.htm
530,2006,８月６日,８月６日　国务院作出《关于加强节能工作的决定》。,http://www.gov.cn/test/2009-10/09/content_1434412.htm,content_1434412.htm
531,2006,８月１０日,８月１０日　《江泽民文选》第一卷、第二卷、第三卷出版发行。１３日，中共中央作出《关于学习〈江泽民文选〉的决定》。,http://www.gov.cn/test/2009-10/09/content_1434412.htm,content_1434412.htm
532,2006,１０月８日－１１日,１０月８日－１１日　中共十六届六中全会召开，通过《中共中央关于构建社会主义和谐社会若干重大问题的决定》，强调要按照民主法治、公平正义、诚信友爱、充满活力、安定有序、人与自然和谐相处的总要求，以解决人民群众最关心、最直接、最现实的利益问题为重点，着力发展社会事业、促进社会公平正义、建设和谐文化、完善社会管理、增强社会创造活力。,http://www.gov.cn/test/2009-10/09/content_1434412.htm,content_1434412.htm
533,2006,１１月４日－５日,１１月４日－５日　中非合作论坛北京峰会在北京举行。胡锦涛出席开幕式并讲话。会议通过《中非合作论坛北京峰会宣言》和《中非合作论坛——北京行动计划（２００７至２００９年）》。,http://www.gov.cn/test/2009-10/09/content_1434412.htm,content_1434412.htm
534,2008,年初,年初　中国南方部分地区遭遇严重低温雨雪冰冻灾害。在中共中央、国务院、中央军委的领导下，全党全军全国各族人民团结奋斗，取得了抗灾斗争的胜利。,http://www.gov.cn/test/2009-10/09/content_1434430.htm,content_1434430.htm
535,2008,２月２５日－２７日,２月２５日－２７日　中共十七届二中全会召开，通过《关于深化行政管理体制改革的意见》和《国务院机构改革方案》。,http://www.gov.cn/test/2009-10/09/content_1434430.htm,content_1434430.htm
536,2008,２月２９日,２月２９日　北京首都国际机场３号航站楼正式投入运营。该航站楼总体建筑面积近１００万平方米。,http://www.gov.cn/test/2009-10/09/content_1434430.htm,content_1434430.htm
537,2008,３月３日－１４日,３月３日－１４日　全国政协十一届一次会议举行，选举贾庆林为全国政协主席。,http://www.gov.cn/test/2009-10/09/content_1434430.htm,content_1434430.htm
538,2008,３月５日－１８日,３月５日－１８日　十一届全国人大一次会议举行，批准国务院机构改革方案，探索实行职能有机统一的大部门体制，调整变动机构１５个，减少正部级机构４个。改革后，除国务院办公厅外，国务院组成部门设置２７个。会议选举胡锦涛为国家主席、国家中央军委主席，吴邦国为全国人大常委会委员长，习近平为国家副主席，决定温家宝为国务院总理。,http://www.gov.cn/test/2009-10/09/content_1434430.htm,content_1434430.htm
539,2008,３月中旬,３月中旬　拉萨等地发生打砸抢烧严重犯罪事件。事件发生后，党和政府果断决策，妥善处置，控制了事态发展，恢复了正常社会秩序。,http://www.gov.cn/test/2009-10/09/content_1434430.htm,content_1434430.htm
540,2008,４月１８日,４月１８日　京沪高速铁路（北京南站至上海虹桥站）全线开工，全长１３１８公里。,http://www.gov.cn/test/2009-10/09/content_1434430.htm,content_1434430.htm
541,2008,５月１２日,５月１２日　四川汶川发生里氏８级特大地震，造成６９２２７人遇难，１７９２３人失踪，受灾群众１５１０万人。在中共中央、国务院、中央军委的领导下，我国迅速组织了历史上救援速度最快、动员范围最广、投入力量最大的抗震救灾活动，夺取了抗震救灾斗争的重大胜利。,http://www.gov.cn/test/2009-10/09/content_1434430.htm,content_1434430.htm
542,2008,６月８日,６月８日　中共中央、国务院发出《关于全面推进集体林权制度改革的意见》，提出用五年左右时间，基本完成明晰产权、承包到户的集体林权制度改革，实行集体林地家庭承包经营制；规定林地的承包期为７０年，承包期届满可以按照国家有关规定继续承包。,http://www.gov.cn/test/2009-10/09/content_1434430.htm,content_1434430.htm
543,2008,８月８日－２４日、９月６日－１７日,８月８日－２４日、９月６日－１７日　北京成功举办第二十九届奥运会、第十三届残奥会。中国政府坚持贯彻绿色奥运、科技奥运、人文奥运理念，发挥举国体制作用，依靠广大人民群众，坚持开展国际交流合作，为北京奥运会、残奥会的成功举办提供了坚强保障。共有２０４个国家和地区的代表团１万多名运动员参加本届奥运会。中国体育代表团在奥运会上获得５１枚金牌、２１枚银牌、２８枚铜牌，位居金牌榜第一位；在残奥会上获得８９枚金牌、７０枚银牌、５２枚铜牌，位居金牌榜和奖牌榜第一位。,http://www.gov.cn/test/2009-10/09/content_1434430.htm,content_1434430.htm
544,2008,９月１５日,９月１５日　中共中央发出《关于在全党开展深入学习实践科学发展观活动的意见》，决定从２００８年９月开始，用一年半左右的时间，在全党开展深入学习实践科学发展观活动。,http://www.gov.cn/test/2009-10/09/content_1434430.htm,content_1434430.htm
545,2008,９月１６日,９月１６日　我国首台超百万亿次超级计算机曙光５０００Ａ在天津下线。,http://www.gov.cn/test/2009-10/09/content_1434430.htm,content_1434430.htm
546,2008,９月２５日－２８日,９月２５日－２８日　神舟七号载人航天飞行获得圆满成功。我国航天员首次实施空间出舱活动。,http://www.gov.cn/test/2009-10/09/content_1434430.htm,content_1434430.htm
547,2008,１０月９日－１２日,１０月９日－１２日　中共十七届三中全会召开，通过《中共中央关于推进农村改革发展若干重大问题的决定》，对进一步推进农村改革发展作出全面部署。,http://www.gov.cn/test/2009-10/09/content_1434430.htm,content_1434430.htm
548,2008,１０月２７日－３０日,１０月２７日－３０日　国家统计局发布改革开放３０年经济社会发展成就系列报告。我国国内生产总值已由１９７８年的３６４５亿元迅速跃升至２００７年的２４９５３０亿元，在世界主要国家中的排名由１９７８年的第十位上升到第四位，仅次于美国、日本和德国。人均国民总收入由１９７８年的１９０美元上升至２００７年的２３６０美元。按照世界银行的划分标准，我国已经由低收入国家跃升至世界中等偏下收入国家行列。外汇储备由１９７８年的１．６７亿美元扩大到２００７年的１５２８２亿美元，稳居世界第一位。进出口贸易总额从１９７８年的２０６亿美元猛增到２００７年的２１７３７亿美元，增长了１０４倍，在世界贸易中的位次由改革开放初期的第三十二位上升到２００４年以来的第三位。,http://www.gov.cn/test/2009-10/09/content_1434430.htm,content_1434430.htm
549,2008,１１月５日,１１月５日　国务院常务会议召开。针对由美国次贷危机引发的国际金融危机，会议决定实行积极的财政政策和适度宽松的货币政策，确定了进一步扩大内需促进经济平稳较快增长的十项措施，到２０１０年底约投资４万亿元人民币。,http://www.gov.cn/test/2009-10/09/content_1434430.htm,content_1434430.htm
550,2008,１１月１５日,１１月１５日　胡锦涛出席在美国首都华盛顿举行的二十国集团领导人金融市场和世界经济峰会，发表《通力合作　共度时艰》的讲话。,http://www.gov.cn/test/2009-10/09/content_1434430.htm,content_1434430.htm
551,2008,１２月８日－１０日,１２月８日－１０日　中央经济工作会议召开，针对国际金融危机快速蔓延对我国经济的影响，强调必须把保持经济平稳较快发展作为２００９年经济工作的首要任务。,http://www.gov.cn/test/2009-10/09/content_1434430.htm,content_1434430.htm
552,2008,１２月１５日,１２月１５日　海峡两岸分别在北京、天津、上海、福州、深圳以及台北、高雄、基隆等城市同时举行海上直航、空中直航以及直接通邮的启动和庆祝仪式。两岸“三通”迈开历史性步伐。,http://www.gov.cn/test/2009-10/09/content_1434430.htm,content_1434430.htm
553,2008,１２月１８日,１２月１８日　纪念党的十一届三中全会召开３０周年大会举行。胡锦涛发表讲话，全面回顾和总结改革开放３０年的伟大历程和辉煌成就，高度评价党的十一届三中全会的重要意义和历史功绩，系统阐述了改革开放“十个结合”的宝贵经验，明确指出继续推进改革开放伟大事业的前进方向。,http://www.gov.cn/test/2009-10/09/content_1434430.htm,content_1434430.htm
554,2008,１２月下旬,１２月下旬　国务院批准出台成品油价税费改革方案，取消了公路养路费等收费，提高了成品油消费税单位税额，建立了燃油税新机制。,http://www.gov.cn/test/2009-10/09/content_1434430.htm,content_1434430.htm
555,2008,１２月２４日,１２月２４日　胡锦涛在军委扩大会议上提出“忠诚于党，热爱人民，报效国家，献身使命，崇尚荣誉”的当代革命军人核心价值观。,http://www.gov.cn/test/2009-10/09/content_1434430.htm,content_1434430.htm
556,2008,１２月２６日,１２月２６日　中国人民解放军海军舰艇编队赴亚丁湾、索马里海域执行护航任务。,http://www.gov.cn/test/2009-10/09/content_1434430.htm,content_1434430.htm
557,2008,１２月３１日,１２月３１日　胡锦涛在纪念《告台湾同胞书》发表３０周年座谈会上发表讲话，强调要牢牢把握两岸关系和平发展的主题，积极推动两岸关系和平发展，实现全民族的团结、和谐、昌盛。,http://www.gov.cn/test/2009-10/09/content_1434430.htm,content_1434430.htm
558,2009,３月５日－１３日,３月５日－１３日　十一届全国人大二次会议召开，温家宝作政府工作报告，提出２００９年政府工作的主要任务是以应对国际金融危机、促进经济平稳较快发展为主线，统筹兼顾，突出重点，全面实施促进经济平稳较快发展的一揽子计划。,http://www.gov.cn/test/2009-10/09/content_1434432.htm,content_1434432.htm
559,2009,３月１７日,３月１７日　中共中央、国务院发布《关于深化医药卫生体制改革的意见》，提出了切实缓解看病难、看病贵的五项重点改革措施和建立健全覆盖城乡居民的基本医疗卫生制度的长远目标。,http://www.gov.cn/test/2009-10/09/content_1434432.htm,content_1434432.htm
560,2009,３月２８日,３月２８日　西藏举行首次百万农奴解放纪念日庆祝大会。此前，１月１９日，西藏自治区九届人大二次会议通过决议，决定每年３月２８日为西藏百万农奴解放纪念日。,http://www.gov.cn/test/2009-10/09/content_1434432.htm,content_1434432.htm
561,2009,４月１日－２日,４月１日－２日　胡锦涛出席在英国首都伦敦举行的二十国集团领导人第二次金融峰会，发表题为《携手合作同舟共济》的讲话。,http://www.gov.cn/test/2009-10/09/content_1434432.htm,content_1434432.htm
562,2009,４月１４日,４月１４日　国务院发出《关于推进上海加快发展现代服务业和先进制造业建设国际金融中心和国际航运中心的意见》，明确将上海建设成为国际金融中心、国际航运中心和现代国际大都市。,http://www.gov.cn/test/2009-10/09/content_1434432.htm,content_1434432.htm
563,2009,４月２３日,４月２３日　胡锦涛在山东青岛出席庆祝人民海军成立６０周年海上阅兵活动。２４日，胡锦涛在会见海军老同志和英模代表时强调，大力弘扬我军优良传统，全面推进海军现代化建设。,http://www.gov.cn/test/2009-10/09/content_1434432.htm,content_1434432.htm
564,2009,４月２８日,４月２８日　新华社报道，近日，胡锦涛就做好我国防范人感染甲型Ｈ１Ｎ１流感疫情工作作出重要指示，强调要坚持以人为本，积极应对，科学处置，以确保人民群众身体健康和生命安全。,http://www.gov.cn/test/2009-10/09/content_1434432.htm,content_1434432.htm
565,2009,５月６日,５月６日　国务院批准《深圳市综合配套改革总体方案》。根据方案，深圳将在深化行政管理体制改革、全面深化经济体制改革、积极推进社会领域改革等六个方面实现重点突破。,http://www.gov.cn/test/2009-10/09/content_1434432.htm,content_1434432.htm
566,2009,６月１６日,６月１６日　中国、巴西、俄罗斯、印度“金砖四国”领导人在俄罗斯叶卡捷琳堡会晤，胡锦涛对四国合作提出四点建议。,http://www.gov.cn/test/2009-10/09/content_1434432.htm,content_1434432.htm
567,2009,６月１７日,６月１７日　国务院常务会议召开，强调我国经济运行正处在企稳回升的关键时期，要坚定不移地继续实施积极的财政政策和适度宽松的货币政策，全面贯彻落实好应对国际金融危机的一揽子计划，并根据形势变化不断丰富和完善。,http://www.gov.cn/test/2009-10/09/content_1434432.htm,content_1434432.htm
568,2009,７月５日,７月５日　乌鲁木齐发生打砸抢烧严重暴力犯罪事件。事件发生后，党和政府果断决策，妥善处置，控制了事态发展，生产生活逐步恢复正常。,http://www.gov.cn/test/2009-10/09/content_1434432.htm,content_1434432.htm
569,2009,７月１６日,７月１６日　国家统计局发布我国上半年经济数据。数据显示，我国国内生产总值为１３９８６２亿元，同比增长７．１％；全社会固定资产投资同比增长３３．５％，增速比上年同期加快７．２个百分点；社会消费品零售总额同比增长１５．０％；居民消费价格总水平同比下降１．１％。,http://www.gov.cn/test/2009-10/09/content_1434432.htm,content_1434432.htm
570,2009,８月１８日－１９日,８月１８日－１９日　全国新型农村社会养老保险试点工作会议召开，提出２００９年在全国１０％的县（市、区、旗）进行新型农村社会养老保险试点，以后逐步扩大试点，到２０２０年前基本实现全覆盖。,http://www.gov.cn/test/2009-10/09/content_1434432.htm,content_1434432.htm
571,2009,８月１９日,８月１９日　国务院常务会议召开，研究部署促进中小企业发展，提出切实缓解中小企业融资难、加大对中小企业的财税扶持、加快中小企业技术进步和结构调整等促进中小企业发展的六大措施。,http://www.gov.cn/test/2009-10/09/content_1434432.htm,content_1434432.htm
572,2009,８月２５日,８月２５日　胡锦涛出席新疆维吾尔自治区干部大会并发表讲话，强调始终坚持一手抓改革发展，一手抓团结稳定，坚持以经济建设为中心不动摇，坚持维护社会大局稳定不动摇，坚持各民族共同团结奋斗、共同繁荣发展不动摇，加快建设繁荣富裕和谐的社会主义新疆。,http://www.gov.cn/test/2009-10/09/content_1434432.htm,content_1434432.htm
573,2009,９月１４日,９月１４日　胡锦涛等党和国家领导人会见“１００位为新中国成立作出突出贡献的英雄模范人物和１００位新中国成立以来感动中国人物”代表座谈会全体与会代表。,http://www.gov.cn/test/2009-10/09/content_1434432.htm,content_1434432.htm
574,2009,９月１５日－１８日,９月１５日－１８日　中共十七届四中全会召开，通过《中共中央关于加强和改进新形势下党的建设若干重大问题的决定》。,http://www.gov.cn/test/2009-10/09/content_1434432.htm,content_1434432.htm
575,2009,９月２０日,９月２０日　胡锦涛等党和国家领导人出席庆祝中国人民政治协商会议成立６０周年大会，胡锦涛在会上发表重要讲话。,http://www.gov.cn/test/2009-10/09/content_1434432.htm,content_1434432.htm
576,2009,９月２２日－２５日,９月２２日－２５日　胡锦涛出席在纽约举行的联合国气候变化峰会、第六十四届联合国大会一般性辩论、安理会核不扩散与核裁军峰会和在匹兹堡举行的二十国集团领导人第三次金融峰会。,http://www.gov.cn/test/2009-10/09/content_1434432.htm,content_1434432.htm
